source_zip,source_file,side,reason
1985-Donruss.zip,1985_Donruss/6-3_Checklist-547-653-CL_back.jpg,back,combo/leader or unparseable number: '6-3'
1985-Donruss.zip,1985_Donruss/6-3_Checklist-547-653-CL_front.jpg,front,combo/leader or unparseable number: '6-3'
1986-Donruss.zip,1986_Donruss/2-3_Checklist-131-234-CL_back.jpg,back,'2-3' recovers to '2' (R3-version-suffix) but that slot is held by '1986_Donruss/2_Goose-Gossage-DK_back.jpg'
1986-Donruss.zip,1986_Donruss/2-3_Checklist-131-234-CL_front.jpg,front,'2-3' recovers to '2' (R3-version-suffix) but that slot is held by '1986_Donruss/2_Goose-Gossage-DK_front.jpg'
1986-Donruss.zip,1986_Donruss/3-2_Checklist-235-338-CL_back.jpg,back,'3-2' recovers to '3' (R3-version-suffix) but that slot is held by '1986_Donruss/3_Willie-McGee-DK_back.jpg'
1986-Donruss.zip,1986_Donruss/3-2_Checklist-235-338-CL_front.jpg,front,'3-2' recovers to '3' (R3-version-suffix) but that slot is held by '1986_Donruss/3_Willie-McGee-DK_front.jpg'
1986-Donruss.zip,1986_Donruss/4-3_Checklist-339-442-CL-UERUER-359-Ernie_back.jpg,back,'4-3' recovers to '4' (R3-version-suffix) but that slot is held by '1986_Donruss/4_George-Bell-DK_back.jpg'
1986-Donruss.zip,1986_Donruss/4-3_Checklist-339-442-CL-UERUER-359-Ernie_front.jpg,front,'4-3' recovers to '4' (R3-version-suffix) but that slot is held by '1986_Donruss/4_George-Bell-DK_front.jpg'
1986-Donruss.zip,1986_Donruss/5-3_Checklist-443-546-CL_back.jpg,back,'5-3' recovers to '5' (R3-version-suffix) but that slot is held by '1986_Donruss/5_Tony-Armas-DK_back.jpg'
1986-Donruss.zip,1986_Donruss/5-3_Checklist-443-546-CL_front.jpg,front,'5-3' recovers to '5' (R3-version-suffix) but that slot is held by '1986_Donruss/5_Tony-Armas-DK_front.jpg'
1986-Donruss.zip,1986_Donruss/6-3_Checklist-547-653-CL_back.jpg,back,'6-3' recovers to '6' (R3-version-suffix) but that slot is held by '1986_Donruss/6_Chili-Davis-DK_back.jpg'
1986-Donruss.zip,1986_Donruss/6-3_Checklist-547-653-CL_front.jpg,front,'6-3' recovers to '6' (R3-version-suffix) but that slot is held by '1986_Donruss/6_Chili-Davis-DK_front.jpg'
1988-Donruss.zip,1988_Donruss/100-2_Checklist-28-133-CLVAR-Factory-set-version-For-cards-28-133_back.jpg,back,combo/leader or unparseable number: '100-2'
1988-Donruss.zip,1988_Donruss/100-2_Checklist-28-133-CLVAR-Factory-set-version-For-cards-28-133_front.jpg,front,combo/leader or unparseable number: '100-2'
1988-Donruss.zip,1988_Donruss/200-2_Checklist-134-239-CLVAR-Factory-set-version-For-cards-134-23_back.jpg,back,combo/leader or unparseable number: '200-2'
1988-Donruss.zip,1988_Donruss/200-2_Checklist-134-239-CLVAR-Factory-set-version-For-cards-134-23_front.jpg,front,combo/leader or unparseable number: '200-2'
1988-Donruss.zip,1988_Donruss/300-2_Checklist-240-345-CLVAR-Factory-set-version-For-cards-240-34_back.jpg,back,combo/leader or unparseable number: '300-2'
1988-Donruss.zip,1988_Donruss/300-2_Checklist-240-345-CLVAR-Factory-set-version-For-cards-240-34_front.jpg,front,combo/leader or unparseable number: '300-2'
1988-Donruss.zip,1988_Donruss/400-2_Checklist-346-451-CLVAR-Factory-set-version-For-cards-346-45_back.jpg,back,combo/leader or unparseable number: '400-2'
1988-Donruss.zip,1988_Donruss/400-2_Checklist-346-451-CLVAR-Factory-set-version-For-cards-346-45_front.jpg,front,combo/leader or unparseable number: '400-2'
1988-Donruss.zip,1988_Donruss/500-2_Checklist-452-557-CLVAR-Factory-set-version-For-cards-452-55_back.jpg,back,combo/leader or unparseable number: '500-2'
1988-Donruss.zip,1988_Donruss/500-2_Checklist-452-557-CLVAR-Factory-set-version-For-cards-452-55_front.jpg,front,combo/leader or unparseable number: '500-2'
1988-Donruss.zip,1988_Donruss/600-2_Checklist-558-660-CLVAR-Factory-set-version-For-cards-558-66_back.jpg,back,combo/leader or unparseable number: '600-2'
1988-Donruss.zip,1988_Donruss/600-2_Checklist-558-660-CLVAR-Factory-set-version-For-cards-558-66_front.jpg,front,combo/leader or unparseable number: '600-2'
1989-Bowman.zip,1989_Bowman/431_Jose-DeLeon_back.jpg,back,number '431' not in catalog set 'bowman'
1989-Bowman.zip,1989_Bowman/431_Jose-DeLeon_front.jpg,front,number '431' not in catalog set 'bowman'
1989-Donruss.zip,1989_Donruss/600-2_Checklist-578-660-CL_back.jpg,back,combo/leader or unparseable number: '600-2'
1989-Donruss.zip,1989_Donruss/600-2_Checklist-578-660-CL_front.jpg,front,combo/leader or unparseable number: '600-2'
1989-Upper-Deck.zip,1989_Upper-Deck/13b_Gary-Sheffield-SR-RC-CORCOR-SS-on-upper-right-front-is-orien_back.jpg,back,'13b' recovers to '13' (R4-letter-variant) but that slot is held by '1989_Upper-Deck/13a_Gary-Sheffield-SR-RC-ERRERR-SS-on-upper-right-front-is-upsid_back.jpg'
1989-Upper-Deck.zip,1989_Upper-Deck/13b_Gary-Sheffield-SR-RC-CORCOR-SS-on-upper-right-front-is-orien_front.jpg,front,'13b' recovers to '13' (R4-letter-variant) but that slot is held by '1989_Upper-Deck/13a_Gary-Sheffield-SR-RC-ERRERR-SS-on-upper-right-front-is-upsid_front.jpg'
1989-Upper-Deck.zip,1989_Upper-Deck/321b_Gary-Varsho-RC-CORCOR-Corrected-photo-road-blue-white-unifor_back.jpg,back,'321b' recovers to '321' (R4-letter-variant) but that slot is held by '1989_Upper-Deck/321a_Gary-Varsho-RC-ERRERR-Mike-Bielecki-pictured-on-back-home-wh_back.jpg'
1989-Upper-Deck.zip,1989_Upper-Deck/321b_Gary-Varsho-RC-CORCOR-Corrected-photo-road-blue-white-unifor_front.jpg,front,'321b' recovers to '321' (R4-letter-variant) but that slot is held by '1989_Upper-Deck/321a_Gary-Varsho-RC-ERRERR-Mike-Bielecki-pictured-on-back-home-wh_front.jpg'
1989-Upper-Deck.zip,1989_Upper-Deck/357b_Dale-Murphy-CORCOR-Front-photo-correct_back.jpg,back,'357b' recovers to '357' (R4-letter-variant) but that slot is held by '1989_Upper-Deck/357a_Dale-Murphy-ERRERR-Reversed-image-on-front_back.jpg'
1989-Upper-Deck.zip,1989_Upper-Deck/357b_Dale-Murphy-CORCOR-Front-photo-correct_front.jpg,front,'357b' recovers to '357' (R4-letter-variant) but that slot is held by '1989_Upper-Deck/357a_Dale-Murphy-ERRERR-Reversed-image-on-front_front.jpg'
1989-Upper-Deck.zip,1989_Upper-Deck/583b_Mike-Gallego-CORCOR-Facing-right_back.jpg,back,'583b' recovers to '583' (R4-letter-variant) but that slot is held by '1989_Upper-Deck/583a_Mike-Gallego-ERRERR-Reversed-image-on-back_back.jpg'
1989-Upper-Deck.zip,1989_Upper-Deck/583b_Mike-Gallego-CORCOR-Facing-right_front.jpg,front,'583b' recovers to '583' (R4-letter-variant) but that slot is held by '1989_Upper-Deck/583a_Mike-Gallego-ERRERR-Reversed-image-on-back_front.jpg'
1989-Upper-Deck.zip,1989_Upper-Deck/627b_Bill-Schroeder-CORCOR-Corrected-photo-arms-crossed_back.jpg,back,'627b' recovers to '627' (R4-letter-variant) but that slot is held by '1989_Upper-Deck/627a_Bill-Schroeder-ERRERR-Photo-on-back-actually-Ronn-Reynolds-d_back.jpg'
1989-Upper-Deck.zip,1989_Upper-Deck/627b_Bill-Schroeder-CORCOR-Corrected-photo-arms-crossed_front.jpg,front,'627b' recovers to '627' (R4-letter-variant) but that slot is held by '1989_Upper-Deck/627a_Bill-Schroeder-ERRERR-Photo-on-back-actually-Ronn-Reynolds-d_front.jpg'
1989-Upper-Deck.zip,1989_Upper-Deck/628b_Fred-Manrique-CORCOR-Corrected-photo-batting_back.jpg,back,'628b' recovers to '628' (R4-letter-variant) but that slot is held by '1989_Upper-Deck/628a_Fred-Manrique-ERRERR-Photo-on-back-actually-Ozzie-Guillen-th_back.jpg'
1989-Upper-Deck.zip,1989_Upper-Deck/628b_Fred-Manrique-CORCOR-Corrected-photo-batting_front.jpg,front,'628b' recovers to '628' (R4-letter-variant) but that slot is held by '1989_Upper-Deck/628a_Fred-Manrique-ERRERR-Photo-on-back-actually-Ozzie-Guillen-th_front.jpg'
1989-Upper-Deck.zip,1989_Upper-Deck/636b_Herm-Winningham-CORCOR-Last-name-correctly-spelled-Winningha_back.jpg,back,'636b' recovers to '636' (R4-letter-variant) but that slot is held by '1989_Upper-Deck/636a_Herm-Winningham-ERRERR-Last-name-misspelled-Wlnningham-lower_back.jpg'
1989-Upper-Deck.zip,1989_Upper-Deck/636b_Herm-Winningham-CORCOR-Last-name-correctly-spelled-Winningha_front.jpg,front,'636b' recovers to '636' (R4-letter-variant) but that slot is held by '1989_Upper-Deck/636a_Herm-Winningham-ERRERR-Last-name-misspelled-Wlnningham-lower_front.jpg'
1989-Upper-Deck.zip,1989_Upper-Deck/652b_Pat-Sheridan-CORCOR-Position-on-front-OF_back.jpg,back,'652b' recovers to '652' (R4-letter-variant) but that slot is held by '1989_Upper-Deck/652a_Pat-Sheridan-ERRERR-No-position-on-front_back.jpg'
1989-Upper-Deck.zip,1989_Upper-Deck/652b_Pat-Sheridan-CORCOR-Position-on-front-OF_front.jpg,front,'652b' recovers to '652' (R4-letter-variant) but that slot is held by '1989_Upper-Deck/652a_Pat-Sheridan-ERRERR-No-position-on-front_front.jpg'
1989-Upper-Deck.zip,1989_Upper-Deck/659b_Jose-Canseco-AW-VARVAR-Blue-eagle-logo_back.jpg,back,'659b' recovers to '659' (R4-letter-variant) but that slot is held by '1989_Upper-Deck/659a_Jose-Canseco-AWVAR-Black-eagle-logo_back.jpg'
1989-Upper-Deck.zip,1989_Upper-Deck/659b_Jose-Canseco-AW-VARVAR-Blue-eagle-logo_front.jpg,front,'659b' recovers to '659' (R4-letter-variant) but that slot is held by '1989_Upper-Deck/659a_Jose-Canseco-AWVAR-Black-eagle-logo_front.jpg'
1989-Upper-Deck.zip,1989_Upper-Deck/701a_Checklist-701-800-CL-UER-ERRUER-796-Odibbe-McDowell-ERR-Upsi_back.jpg,back,'701a' recovers to '701' (R4-letter-variant) but that slot is held by '1989_Upper-Deck/701_Checklist-701-800-CL-UER-CORUER-796-Odibbe-McDowell-COR-MLBP_back.jpg'
1989-Upper-Deck.zip,1989_Upper-Deck/701a_Checklist-701-800-CL-UER-ERRUER-796-Odibbe-McDowell-ERR-Upsi_front.jpg,front,'701a' recovers to '701' (R4-letter-variant) but that slot is held by '1989_Upper-Deck/701_Checklist-701-800-CL-UER-CORUER-796-Odibbe-McDowell-COR-MLBP_front.jpg'
1989-Upper-Deck.zip,1989_Upper-Deck/72b_Brian-Holton-CORCOR-Corrected-photo-home-uniform_back.jpg,back,'72b' recovers to '72' (R4-letter-variant) but that slot is held by '1989_Upper-Deck/72a_Brian-Holton-ERRERR-Shawn-Hillegas-pictured-on-front_back.jpg'
1989-Upper-Deck.zip,1989_Upper-Deck/72b_Brian-Holton-CORCOR-Corrected-photo-home-uniform_front.jpg,front,'72b' recovers to '72' (R4-letter-variant) but that slot is held by '1989_Upper-Deck/72a_Brian-Holton-ERRERR-Shawn-Hillegas-pictured-on-front_front.jpg'
1990-Bowman.zip,1990_Bowman/251b_David-Segui-RC-CORCOR-Bio-info-on-back_back.jpg,back,'251b' recovers to '251' (R4-letter-variant) but that slot is held by '1990_Bowman/251a_David-Segui-RC-ERRERR-Missing-bio-info-on-back_back.jpg'
1990-Bowman.zip,1990_Bowman/251b_David-Segui-RC-CORCOR-Bio-info-on-back_front.jpg,front,'251b' recovers to '251' (R4-letter-variant) but that slot is held by '1990_Bowman/251a_David-Segui-RC-ERRERR-Missing-bio-info-on-back_front.jpg'
1990-Donruss.zip,1990_Donruss/100-2_Checklist-28-125-CLVAR-Factory-Set-border-Cards-28-125_back.jpg,back,combo/leader or unparseable number: '100-2'
1990-Donruss.zip,1990_Donruss/100-2_Checklist-28-125-CLVAR-Factory-Set-border-Cards-28-125_front.jpg,front,combo/leader or unparseable number: '100-2'
1990-Donruss.zip,1990_Donruss/200-2_Checklist-126-223-CLVAR-Factory-Set-border-Cards-126-223_back.jpg,back,combo/leader or unparseable number: '200-2'
1990-Donruss.zip,1990_Donruss/200-2_Checklist-126-223-CLVAR-Factory-Set-border-Cards-126-223_front.jpg,front,combo/leader or unparseable number: '200-2'
1990-Donruss.zip,1990_Donruss/300-2_Checklist-224-321-CLVAR-Factory-Set-border-Cards-224-321_back.jpg,back,combo/leader or unparseable number: '300-2'
1990-Donruss.zip,1990_Donruss/300-2_Checklist-224-321-CLVAR-Factory-Set-border-Cards-224-321_front.jpg,front,combo/leader or unparseable number: '300-2'
1990-Donruss.zip,1990_Donruss/400-2_Checklist-322-419-CLVAR-Factory-Set-border-Cards-322-419_back.jpg,back,combo/leader or unparseable number: '400-2'
1990-Donruss.zip,1990_Donruss/400-2_Checklist-322-419-CLVAR-Factory-Set-border-Cards-322-419_front.jpg,front,combo/leader or unparseable number: '400-2'
1990-Donruss.zip,1990_Donruss/500-2_Checklist-420-517-CLVAR-Factory-Set-border-Cards-420-517_back.jpg,back,combo/leader or unparseable number: '500-2'
1990-Donruss.zip,1990_Donruss/500-2_Checklist-420-517-CLVAR-Factory-Set-border-Cards-420-517_front.jpg,front,combo/leader or unparseable number: '500-2'
1990-Donruss.zip,1990_Donruss/600-2_Checklist-518-617-CLVAR-Factory-Set-border-Cards-518-617_back.jpg,back,combo/leader or unparseable number: '600-2'
1990-Donruss.zip,1990_Donruss/600-2_Checklist-518-617-CLVAR-Factory-Set-border-Cards-518-617_front.jpg,front,combo/leader or unparseable number: '600-2'
1990-Donruss.zip,1990_Donruss/665-2_Nolan-Ryan-KOK_back.jpg,back,combo/leader or unparseable number: '665-2'
1990-Donruss.zip,1990_Donruss/665-2_Nolan-Ryan-KOK_front.jpg,front,combo/leader or unparseable number: '665-2'
1990-Donruss.zip,1990_Donruss/700-2_Checklist-618-716-CLVAR-Factory-Set-border-Cards-618-716-no-_back.jpg,back,combo/leader or unparseable number: '700-2'
1990-Donruss.zip,1990_Donruss/700-2_Checklist-618-716-CLVAR-Factory-Set-border-Cards-618-716-no-_front.jpg,front,combo/leader or unparseable number: '700-2'
1990-Upper-Deck.zip,1990_Upper-Deck/101b_Gerald-Perry-CORCOR-Copyright-date-on-back_back.jpg,back,'101b' recovers to '101' (R4-letter-variant) but that slot is held by '1990_Upper-Deck/101a_Gerald-Perry-ERRERR-No-copyright-date-on-back_back.jpg'
1990-Upper-Deck.zip,1990_Upper-Deck/101b_Gerald-Perry-CORCOR-Copyright-date-on-back_front.jpg,front,'101b' recovers to '101' (R4-letter-variant) but that slot is held by '1990_Upper-Deck/101a_Gerald-Perry-ERRERR-No-copyright-date-on-back_front.jpg'
1990-Upper-Deck.zip,1990_Upper-Deck/102b_Kevin-Appier-COR-RCCOR-Copyright-date-on-back_back.jpg,back,'102b' recovers to '102' (R4-letter-variant) but that slot is held by '1990_Upper-Deck/102a_Kevin-Appier-ERR-RCERR-No-copyright-date-on-back_back.jpg'
1990-Upper-Deck.zip,1990_Upper-Deck/102b_Kevin-Appier-COR-RCCOR-Copyright-date-on-back_front.jpg,front,'102b' recovers to '102' (R4-letter-variant) but that slot is held by '1990_Upper-Deck/102a_Kevin-Appier-ERR-RCERR-No-copyright-date-on-back_front.jpg'
1990-Upper-Deck.zip,1990_Upper-Deck/103b_Julio-Franco-CORCOR-Copyright-date-on-back_back.jpg,back,'103b' recovers to '103' (R4-letter-variant) but that slot is held by '1990_Upper-Deck/103a_Julio-Franco-ERRERR-No-copyright-date-on-back_back.jpg'
1990-Upper-Deck.zip,1990_Upper-Deck/103b_Julio-Franco-CORCOR-Copyright-date-on-back_front.jpg,front,'103b' recovers to '103' (R4-letter-variant) but that slot is held by '1990_Upper-Deck/103a_Julio-Franco-ERRERR-No-copyright-date-on-back_front.jpg'
1990-Upper-Deck.zip,1990_Upper-Deck/104b_Craig-Biggio-CORCOR-Copyright-date-on-back_back.jpg,back,'104b' recovers to '104' (R4-letter-variant) but that slot is held by '1990_Upper-Deck/104a_Craig-Biggio-ERRERR-No-copyright-date-on-back_back.jpg'
1990-Upper-Deck.zip,1990_Upper-Deck/104b_Craig-Biggio-CORCOR-Copyright-date-on-back_front.jpg,front,'104b' recovers to '104' (R4-letter-variant) but that slot is held by '1990_Upper-Deck/104a_Craig-Biggio-ERRERR-No-copyright-date-on-back_front.jpg'
1990-Upper-Deck.zip,1990_Upper-Deck/105b_Bo-Jackson-COR-UERCOR-Copyright-date-on-back_back.jpg,back,'105b' recovers to '105' (R4-letter-variant) but that slot is held by '1990_Upper-Deck/105a_Bo-Jackson-ERR-UERERR-No-copyright-date-on-back_back.jpg'
1990-Upper-Deck.zip,1990_Upper-Deck/105b_Bo-Jackson-COR-UERCOR-Copyright-date-on-back_front.jpg,front,'105b' recovers to '105' (R4-letter-variant) but that slot is held by '1990_Upper-Deck/105a_Bo-Jackson-ERR-UERERR-No-copyright-date-on-back_front.jpg'
1990-Upper-Deck.zip,1990_Upper-Deck/106b_Junior-Felix-CORCOR-Copyright-date-on-back_back.jpg,back,'106b' recovers to '106' (R4-letter-variant) but that slot is held by '1990_Upper-Deck/106a_Junior-Felix-ERRERR-No-copyright-date-on-back_back.jpg'
1990-Upper-Deck.zip,1990_Upper-Deck/106b_Junior-Felix-CORCOR-Copyright-date-on-back_front.jpg,front,'106b' recovers to '106' (R4-letter-variant) but that slot is held by '1990_Upper-Deck/106a_Junior-Felix-ERRERR-No-copyright-date-on-back_front.jpg'
1990-Upper-Deck.zip,1990_Upper-Deck/107b_Mike-Harkey-CORCOR-Copyright-date-on-back_back.jpg,back,'107b' recovers to '107' (R4-letter-variant) but that slot is held by '1990_Upper-Deck/107a_Mike-Harkey-ERRERR-No-copyright-date-on-back_back.jpg'
1990-Upper-Deck.zip,1990_Upper-Deck/107b_Mike-Harkey-CORCOR-Copyright-date-on-back_front.jpg,front,'107b' recovers to '107' (R4-letter-variant) but that slot is held by '1990_Upper-Deck/107a_Mike-Harkey-ERRERR-No-copyright-date-on-back_front.jpg'
1990-Upper-Deck.zip,1990_Upper-Deck/108b_Fred-McGriff-CORCOR-Copyright-date-on-back_back.jpg,back,'108b' recovers to '108' (R4-letter-variant) but that slot is held by '1990_Upper-Deck/108a_Fred-McGriff-ERRERR-No-copyright-date-on-back_back.jpg'
1990-Upper-Deck.zip,1990_Upper-Deck/108b_Fred-McGriff-CORCOR-Copyright-date-on-back_front.jpg,front,'108b' recovers to '108' (R4-letter-variant) but that slot is held by '1990_Upper-Deck/108a_Fred-McGriff-ERRERR-No-copyright-date-on-back_front.jpg'
1990-Upper-Deck.zip,1990_Upper-Deck/109b_Rick-Sutcliffe-CORCOR-Copyright-date-on-back_back.jpg,back,'109b' recovers to '109' (R4-letter-variant) but that slot is held by '1990_Upper-Deck/109a_Rick-Sutcliffe-ERRERR-No-copyright-date-on-back_back.jpg'
1990-Upper-Deck.zip,1990_Upper-Deck/109b_Rick-Sutcliffe-CORCOR-Copyright-date-on-back_front.jpg,front,'109b' recovers to '109' (R4-letter-variant) but that slot is held by '1990_Upper-Deck/109a_Rick-Sutcliffe-ERRERR-No-copyright-date-on-back_front.jpg'
1990-Upper-Deck.zip,1990_Upper-Deck/110b_Pete-O-Brien-CORCOR-Copyright-date-on-back_back.jpg,back,'110b' recovers to '110' (R4-letter-variant) but that slot is held by '1990_Upper-Deck/110a_Pete-O-Brien-ERRERR-No-copyright-date-on-back_back.jpg'
1990-Upper-Deck.zip,1990_Upper-Deck/110b_Pete-O-Brien-CORCOR-Copyright-date-on-back_front.jpg,front,'110b' recovers to '110' (R4-letter-variant) but that slot is held by '1990_Upper-Deck/110a_Pete-O-Brien-ERRERR-No-copyright-date-on-back_front.jpg'
1990-Upper-Deck.zip,1990_Upper-Deck/111b_Kelly-Gruber-CORCOR-Copyright-date-on-back_back.jpg,back,'111b' recovers to '111' (R4-letter-variant) but that slot is held by '1990_Upper-Deck/111a_Kelly-Gruber-ERRERR-No-copyright-date-on-back_back.jpg'
1990-Upper-Deck.zip,1990_Upper-Deck/111b_Kelly-Gruber-CORCOR-Copyright-date-on-back_front.jpg,front,'111b' recovers to '111' (R4-letter-variant) but that slot is held by '1990_Upper-Deck/111a_Kelly-Gruber-ERRERR-No-copyright-date-on-back_front.jpg'
1990-Upper-Deck.zip,1990_Upper-Deck/112b_Dwight-Evans-CORCOR-Copyright-date-on-back_back.jpg,back,'112b' recovers to '112' (R4-letter-variant) but that slot is held by '1990_Upper-Deck/112a_Dwight-Evans-ERRERR-No-copyright-date-on-back_back.jpg'
1990-Upper-Deck.zip,1990_Upper-Deck/112b_Dwight-Evans-CORCOR-Copyright-date-on-back_front.jpg,front,'112b' recovers to '112' (R4-letter-variant) but that slot is held by '1990_Upper-Deck/112a_Dwight-Evans-ERRERR-No-copyright-date-on-back_front.jpg'
1990-Upper-Deck.zip,1990_Upper-Deck/113b_Pat-Borders-CORCOR-Copyright-date-on-back_back.jpg,back,'113b' recovers to '113' (R4-letter-variant) but that slot is held by '1990_Upper-Deck/113a_Pat-Borders-ERRERR-No-copyright-date-on-back_back.jpg'
1990-Upper-Deck.zip,1990_Upper-Deck/113b_Pat-Borders-CORCOR-Copyright-date-on-back_front.jpg,front,'113b' recovers to '113' (R4-letter-variant) but that slot is held by '1990_Upper-Deck/113a_Pat-Borders-ERRERR-No-copyright-date-on-back_front.jpg'
1990-Upper-Deck.zip,1990_Upper-Deck/114b_Dwight-Gooden-CORCOR-Copyright-date-on-back_back.jpg,back,'114b' recovers to '114' (R4-letter-variant) but that slot is held by '1990_Upper-Deck/114a_Dwight-Gooden-ERRERR-No-copyright-date-on-back_back.jpg'
1990-Upper-Deck.zip,1990_Upper-Deck/114b_Dwight-Gooden-CORCOR-Copyright-date-on-back_front.jpg,front,'114b' recovers to '114' (R4-letter-variant) but that slot is held by '1990_Upper-Deck/114a_Dwight-Gooden-ERRERR-No-copyright-date-on-back_front.jpg'
1990-Upper-Deck.zip,1990_Upper-Deck/115b_Kevin-Batiste-RC-CORCOR-Copyright-date-on-back_back.jpg,back,'115b' recovers to '115' (R4-letter-variant) but that slot is held by '1990_Upper-Deck/115a_Kevin-Batiste-RC-ERRERR-No-copyright-date-on-back_back.jpg'
1990-Upper-Deck.zip,1990_Upper-Deck/115b_Kevin-Batiste-RC-CORCOR-Copyright-date-on-back_front.jpg,front,'115b' recovers to '115' (R4-letter-variant) but that slot is held by '1990_Upper-Deck/115a_Kevin-Batiste-RC-ERRERR-No-copyright-date-on-back_front.jpg'
1990-Upper-Deck.zip,1990_Upper-Deck/116b_Eric-Davis-CORCOR-Copyright-date-on-back_back.jpg,back,'116b' recovers to '116' (R4-letter-variant) but that slot is held by '1990_Upper-Deck/116a_Eric-Davis-ERRERR-No-copyright-date-on-back_back.jpg'
1990-Upper-Deck.zip,1990_Upper-Deck/116b_Eric-Davis-CORCOR-Copyright-date-on-back_front.jpg,front,'116b' recovers to '116' (R4-letter-variant) but that slot is held by '1990_Upper-Deck/116a_Eric-Davis-ERRERR-No-copyright-date-on-back_front.jpg'
1990-Upper-Deck.zip,1990_Upper-Deck/117b_Kevin-Mitchell-COR-UERCOR-Copyright-date-on-back-UER-1988-HR_back.jpg,back,'117b' recovers to '117' (R4-letter-variant) but that slot is held by '1990_Upper-Deck/117a_Kevin-Mitchell-ERR-UERERR-No-copyright-date-on-back-UER-1988_back.jpg'
1990-Upper-Deck.zip,1990_Upper-Deck/117b_Kevin-Mitchell-COR-UERCOR-Copyright-date-on-back-UER-1988-HR_front.jpg,front,'117b' recovers to '117' (R4-letter-variant) but that slot is held by '1990_Upper-Deck/117a_Kevin-Mitchell-ERR-UERERR-No-copyright-date-on-back-UER-1988_front.jpg'
1990-Upper-Deck.zip,1990_Upper-Deck/118b_Ron-Oester-CORCOR-Copyright-date-on-back_back.jpg,back,'118b' recovers to '118' (R4-letter-variant) but that slot is held by '1990_Upper-Deck/118a_Ron-Oester-ERRERR-No-copyright-date-on-back_back.jpg'
1990-Upper-Deck.zip,1990_Upper-Deck/118b_Ron-Oester-CORCOR-Copyright-date-on-back_front.jpg,front,'118b' recovers to '118' (R4-letter-variant) but that slot is held by '1990_Upper-Deck/118a_Ron-Oester-ERRERR-No-copyright-date-on-back_front.jpg'
1990-Upper-Deck.zip,1990_Upper-Deck/119b_Brett-Butler-CORCOR-Copyright-date-on-back_back.jpg,back,'119b' recovers to '119' (R4-letter-variant) but that slot is held by '1990_Upper-Deck/119a_Brett-Butler-ERRERR-No-copyright-date-on-back_back.jpg'
1990-Upper-Deck.zip,1990_Upper-Deck/119b_Brett-Butler-CORCOR-Copyright-date-on-back_front.jpg,front,'119b' recovers to '119' (R4-letter-variant) but that slot is held by '1990_Upper-Deck/119a_Brett-Butler-ERRERR-No-copyright-date-on-back_front.jpg'
1990-Upper-Deck.zip,1990_Upper-Deck/120b_Danny-Jackson-CORCOR-Copyright-date-on-back_back.jpg,back,'120b' recovers to '120' (R4-letter-variant) but that slot is held by '1990_Upper-Deck/120a_Danny-Jackson-ERRERR-No-copyright-date-on-back_back.jpg'
1990-Upper-Deck.zip,1990_Upper-Deck/120b_Danny-Jackson-CORCOR-Copyright-date-on-back_front.jpg,front,'120b' recovers to '120' (R4-letter-variant) but that slot is held by '1990_Upper-Deck/120a_Danny-Jackson-ERRERR-No-copyright-date-on-back_front.jpg'
1990-Upper-Deck.zip,1990_Upper-Deck/121b_Tommy-Gregg-CORCOR-Copyright-date-on-back_back.jpg,back,'121b' recovers to '121' (R4-letter-variant) but that slot is held by '1990_Upper-Deck/121a_Tommy-Gregg-ERRERR-No-copyright-date-on-back_back.jpg'
1990-Upper-Deck.zip,1990_Upper-Deck/121b_Tommy-Gregg-CORCOR-Copyright-date-on-back_front.jpg,front,'121b' recovers to '121' (R4-letter-variant) but that slot is held by '1990_Upper-Deck/121a_Tommy-Gregg-ERRERR-No-copyright-date-on-back_front.jpg'
1990-Upper-Deck.zip,1990_Upper-Deck/122b_Ken-Caminiti-CORCOR-Copyright-date-on-back_back.jpg,back,'122b' recovers to '122' (R4-letter-variant) but that slot is held by '1990_Upper-Deck/122a_Ken-Caminiti-ERRERR-No-copyright-date-on-back_back.jpg'
1990-Upper-Deck.zip,1990_Upper-Deck/122b_Ken-Caminiti-CORCOR-Copyright-date-on-back_front.jpg,front,'122b' recovers to '122' (R4-letter-variant) but that slot is held by '1990_Upper-Deck/122a_Ken-Caminiti-ERRERR-No-copyright-date-on-back_front.jpg'
1990-Upper-Deck.zip,1990_Upper-Deck/123b_Kevin-Brown-CORCOR-Copyright-date-on-back_back.jpg,back,'123b' recovers to '123' (R4-letter-variant) but that slot is held by '1990_Upper-Deck/123a_Kevin-Brown-ERRERR-No-copyright-date-on-back_back.jpg'
1990-Upper-Deck.zip,1990_Upper-Deck/123b_Kevin-Brown-CORCOR-Copyright-date-on-back_front.jpg,front,'123b' recovers to '123' (R4-letter-variant) but that slot is held by '1990_Upper-Deck/123a_Kevin-Brown-ERRERR-No-copyright-date-on-back_front.jpg'
1990-Upper-Deck.zip,1990_Upper-Deck/124b_George-Brett-COR-UERCOR-Copyright-date-on-back-UER-133-runs-_back.jpg,back,'124b' recovers to '124' (R4-letter-variant) but that slot is held by '1990_Upper-Deck/124a_George-Brett-ERR-UERERR-No-copyright-date-on-back-UER-133-ru_back.jpg'
1990-Upper-Deck.zip,1990_Upper-Deck/124b_George-Brett-COR-UERCOR-Copyright-date-on-back-UER-133-runs-_front.jpg,front,'124b' recovers to '124' (R4-letter-variant) but that slot is held by '1990_Upper-Deck/124a_George-Brett-ERR-UERERR-No-copyright-date-on-back-UER-133-ru_front.jpg'
1990-Upper-Deck.zip,1990_Upper-Deck/125b_Mike-Scott-CORCOR-Copyright-date-on-back_back.jpg,back,'125b' recovers to '125' (R4-letter-variant) but that slot is held by '1990_Upper-Deck/125a_Mike-Scott-ERRERR-No-copyright-date-on-back_back.jpg'
1990-Upper-Deck.zip,1990_Upper-Deck/125b_Mike-Scott-CORCOR-Copyright-date-on-back_front.jpg,front,'125b' recovers to '125' (R4-letter-variant) but that slot is held by '1990_Upper-Deck/125a_Mike-Scott-ERRERR-No-copyright-date-on-back_front.jpg'
1990-Upper-Deck.zip,1990_Upper-Deck/126b_Cory-Snyder-CORCOR-Copyright-date-on-back_back.jpg,back,'126b' recovers to '126' (R4-letter-variant) but that slot is held by '1990_Upper-Deck/126a_Cory-Snyder-ERRERR-No-copyright-date-on-back_back.jpg'
1990-Upper-Deck.zip,1990_Upper-Deck/126b_Cory-Snyder-CORCOR-Copyright-date-on-back_front.jpg,front,'126b' recovers to '126' (R4-letter-variant) but that slot is held by '1990_Upper-Deck/126a_Cory-Snyder-ERRERR-No-copyright-date-on-back_front.jpg'
1990-Upper-Deck.zip,1990_Upper-Deck/127b_George-Bell-CORCOR-Copyright-date-on-back_back.jpg,back,'127b' recovers to '127' (R4-letter-variant) but that slot is held by '1990_Upper-Deck/127a_George-Bell-ERRERR-No-copyright-date-on-back_back.jpg'
1990-Upper-Deck.zip,1990_Upper-Deck/127b_George-Bell-CORCOR-Copyright-date-on-back_front.jpg,front,'127b' recovers to '127' (R4-letter-variant) but that slot is held by '1990_Upper-Deck/127a_George-Bell-ERRERR-No-copyright-date-on-back_front.jpg'
1990-Upper-Deck.zip,1990_Upper-Deck/128b_Mark-Grace-CORCOR-Copyright-date-on-back_back.jpg,back,'128b' recovers to '128' (R4-letter-variant) but that slot is held by '1990_Upper-Deck/128a_Mark-Grace-ERRERR-No-copyright-date-on-back_back.jpg'
1990-Upper-Deck.zip,1990_Upper-Deck/128b_Mark-Grace-CORCOR-Copyright-date-on-back_front.jpg,front,'128b' recovers to '128' (R4-letter-variant) but that slot is held by '1990_Upper-Deck/128a_Mark-Grace-ERRERR-No-copyright-date-on-back_front.jpg'
1990-Upper-Deck.zip,1990_Upper-Deck/129b_Devon-White-CORCOR-Copyright-date-on-back_back.jpg,back,'129b' recovers to '129' (R4-letter-variant) but that slot is held by '1990_Upper-Deck/129a_Devon-White-ERRERR-No-copyright-date-on-back_back.jpg'
1990-Upper-Deck.zip,1990_Upper-Deck/129b_Devon-White-CORCOR-Copyright-date-on-back_front.jpg,front,'129b' recovers to '129' (R4-letter-variant) but that slot is held by '1990_Upper-Deck/129a_Devon-White-ERRERR-No-copyright-date-on-back_front.jpg'
1990-Upper-Deck.zip,1990_Upper-Deck/130b_Tony-Fernandez-CORCOR-Copyright-date-on-back_back.jpg,back,'130b' recovers to '130' (R4-letter-variant) but that slot is held by '1990_Upper-Deck/130a_Tony-Fernandez-ERRERR-No-copyright-date-on-back_back.jpg'
1990-Upper-Deck.zip,1990_Upper-Deck/130b_Tony-Fernandez-CORCOR-Copyright-date-on-back_front.jpg,front,'130b' recovers to '130' (R4-letter-variant) but that slot is held by '1990_Upper-Deck/130a_Tony-Fernandez-ERRERR-No-copyright-date-on-back_front.jpg'
1990-Upper-Deck.zip,1990_Upper-Deck/131b_Don-Aase-CORCOR-Copyright-date-on-back_back.jpg,back,'131b' recovers to '131' (R4-letter-variant) but that slot is held by '1990_Upper-Deck/131a_Don-Aase-ERRERR-No-copyright-date-on-back_back.jpg'
1990-Upper-Deck.zip,1990_Upper-Deck/131b_Don-Aase-CORCOR-Copyright-date-on-back_front.jpg,front,'131b' recovers to '131' (R4-letter-variant) but that slot is held by '1990_Upper-Deck/131a_Don-Aase-ERRERR-No-copyright-date-on-back_front.jpg'
1990-Upper-Deck.zip,1990_Upper-Deck/132b_Rance-Mulliniks-CORCOR-Copyright-date-on-back_back.jpg,back,'132b' recovers to '132' (R4-letter-variant) but that slot is held by '1990_Upper-Deck/132a_Rance-Mulliniks-ERRERR-No-copyright-date-on-back_back.jpg'
1990-Upper-Deck.zip,1990_Upper-Deck/132b_Rance-Mulliniks-CORCOR-Copyright-date-on-back_front.jpg,front,'132b' recovers to '132' (R4-letter-variant) but that slot is held by '1990_Upper-Deck/132a_Rance-Mulliniks-ERRERR-No-copyright-date-on-back_front.jpg'
1990-Upper-Deck.zip,1990_Upper-Deck/133b_Marty-Barrett-CORCOR-Copyright-date-on-back_back.jpg,back,'133b' recovers to '133' (R4-letter-variant) but that slot is held by '1990_Upper-Deck/133a_Marty-Barrett-ERRERR-No-copyright-date-on-back_back.jpg'
1990-Upper-Deck.zip,1990_Upper-Deck/133b_Marty-Barrett-CORCOR-Copyright-date-on-back_front.jpg,front,'133b' recovers to '133' (R4-letter-variant) but that slot is held by '1990_Upper-Deck/133a_Marty-Barrett-ERRERR-No-copyright-date-on-back_front.jpg'
1990-Upper-Deck.zip,1990_Upper-Deck/134b_Nelson-Liriano-CORCOR-Copyright-date-on-back_back.jpg,back,'134b' recovers to '134' (R4-letter-variant) but that slot is held by '1990_Upper-Deck/134a_Nelson-Liriano-ERRERR-No-copyright-date-on-back_back.jpg'
1990-Upper-Deck.zip,1990_Upper-Deck/134b_Nelson-Liriano-CORCOR-Copyright-date-on-back_front.jpg,front,'134b' recovers to '134' (R4-letter-variant) but that slot is held by '1990_Upper-Deck/134a_Nelson-Liriano-ERRERR-No-copyright-date-on-back_front.jpg'
1990-Upper-Deck.zip,1990_Upper-Deck/135b_Mark-Carreon-CORCOR-Copyright-date-on-back_back.jpg,back,'135b' recovers to '135' (R4-letter-variant) but that slot is held by '1990_Upper-Deck/135a_Mark-Carreon-ERRERR-No-copyright-date-on-back_back.jpg'
1990-Upper-Deck.zip,1990_Upper-Deck/135b_Mark-Carreon-CORCOR-Copyright-date-on-back_front.jpg,front,'135b' recovers to '135' (R4-letter-variant) but that slot is held by '1990_Upper-Deck/135a_Mark-Carreon-ERRERR-No-copyright-date-on-back_front.jpg'
1990-Upper-Deck.zip,1990_Upper-Deck/136b_Candy-Maldonado-CORCOR-Copyright-date-on-back_back.jpg,back,'136b' recovers to '136' (R4-letter-variant) but that slot is held by '1990_Upper-Deck/136a_Candy-Maldonado-ERRERR-No-copyright-date-on-back_back.jpg'
1990-Upper-Deck.zip,1990_Upper-Deck/136b_Candy-Maldonado-CORCOR-Copyright-date-on-back_front.jpg,front,'136b' recovers to '136' (R4-letter-variant) but that slot is held by '1990_Upper-Deck/136a_Candy-Maldonado-ERRERR-No-copyright-date-on-back_front.jpg'
1990-Upper-Deck.zip,1990_Upper-Deck/137b_Tim-Birtsas-CORCOR-Copyright-date-on-back_back.jpg,back,'137b' recovers to '137' (R4-letter-variant) but that slot is held by '1990_Upper-Deck/137a_Tim-Birtsas-ERRERR-No-copyright-date-on-back_back.jpg'
1990-Upper-Deck.zip,1990_Upper-Deck/137b_Tim-Birtsas-CORCOR-Copyright-date-on-back_front.jpg,front,'137b' recovers to '137' (R4-letter-variant) but that slot is held by '1990_Upper-Deck/137a_Tim-Birtsas-ERRERR-No-copyright-date-on-back_front.jpg'
1990-Upper-Deck.zip,1990_Upper-Deck/138b_Tom-Brookens-CORCOR-Copyright-date-on-back_back.jpg,back,'138b' recovers to '138' (R4-letter-variant) but that slot is held by '1990_Upper-Deck/138a_Tom-Brookens-ERRERR-No-copyright-date-on-back_back.jpg'
1990-Upper-Deck.zip,1990_Upper-Deck/138b_Tom-Brookens-CORCOR-Copyright-date-on-back_front.jpg,front,'138b' recovers to '138' (R4-letter-variant) but that slot is held by '1990_Upper-Deck/138a_Tom-Brookens-ERRERR-No-copyright-date-on-back_front.jpg'
1990-Upper-Deck.zip,1990_Upper-Deck/139b_John-Franco-CORCOR-Copyright-date-on-back_back.jpg,back,'139b' recovers to '139' (R4-letter-variant) but that slot is held by '1990_Upper-Deck/139a_John-Franco-ERRERR-No-copyright-date-on-back_back.jpg'
1990-Upper-Deck.zip,1990_Upper-Deck/139b_John-Franco-CORCOR-Copyright-date-on-back_front.jpg,front,'139b' recovers to '139' (R4-letter-variant) but that slot is held by '1990_Upper-Deck/139a_John-Franco-ERRERR-No-copyright-date-on-back_front.jpg'
1990-Upper-Deck.zip,1990_Upper-Deck/140b_Mike-LaCoss-CORCOR-Copyright-date-on-back_back.jpg,back,'140b' recovers to '140' (R4-letter-variant) but that slot is held by '1990_Upper-Deck/140a_Mike-LaCoss-ERRERR-No-copyright-date-on-back_back.jpg'
1990-Upper-Deck.zip,1990_Upper-Deck/140b_Mike-LaCoss-CORCOR-Copyright-date-on-back_front.jpg,front,'140b' recovers to '140' (R4-letter-variant) but that slot is held by '1990_Upper-Deck/140a_Mike-LaCoss-ERRERR-No-copyright-date-on-back_front.jpg'
1990-Upper-Deck.zip,1990_Upper-Deck/141b_Jeff-Treadway-CORCOR-Copyright-date-on-back_back.jpg,back,'141b' recovers to '141' (R4-letter-variant) but that slot is held by '1990_Upper-Deck/141a_Jeff-Treadway-ERRERR-No-copyright-date-on-back_back.jpg'
1990-Upper-Deck.zip,1990_Upper-Deck/141b_Jeff-Treadway-CORCOR-Copyright-date-on-back_front.jpg,front,'141b' recovers to '141' (R4-letter-variant) but that slot is held by '1990_Upper-Deck/141a_Jeff-Treadway-ERRERR-No-copyright-date-on-back_front.jpg'
1990-Upper-Deck.zip,1990_Upper-Deck/142b_Pat-Tabler-CORCOR-Copyright-date-on-back_back.jpg,back,'142b' recovers to '142' (R4-letter-variant) but that slot is held by '1990_Upper-Deck/142a_Pat-Tabler-ERRERR-No-copyright-date-on-back_back.jpg'
1990-Upper-Deck.zip,1990_Upper-Deck/142b_Pat-Tabler-CORCOR-Copyright-date-on-back_front.jpg,front,'142b' recovers to '142' (R4-letter-variant) but that slot is held by '1990_Upper-Deck/142a_Pat-Tabler-ERRERR-No-copyright-date-on-back_front.jpg'
1990-Upper-Deck.zip,1990_Upper-Deck/143b_Darrell-Evans-CORCOR-Copyright-date-on-back_back.jpg,back,'143b' recovers to '143' (R4-letter-variant) but that slot is held by '1990_Upper-Deck/143a_Darrell-Evans-ERRERR-No-copyright-date-on-back_back.jpg'
1990-Upper-Deck.zip,1990_Upper-Deck/143b_Darrell-Evans-CORCOR-Copyright-date-on-back_front.jpg,front,'143b' recovers to '143' (R4-letter-variant) but that slot is held by '1990_Upper-Deck/143a_Darrell-Evans-ERRERR-No-copyright-date-on-back_front.jpg'
1990-Upper-Deck.zip,1990_Upper-Deck/144b_Rafael-Ramirez-CORCOR-Copyright-date-on-back_back.jpg,back,'144b' recovers to '144' (R4-letter-variant) but that slot is held by '1990_Upper-Deck/144a_Rafael-Ramirez-ERRERR-No-copyright-date-on-back_back.jpg'
1990-Upper-Deck.zip,1990_Upper-Deck/144b_Rafael-Ramirez-CORCOR-Copyright-date-on-back_front.jpg,front,'144b' recovers to '144' (R4-letter-variant) but that slot is held by '1990_Upper-Deck/144a_Rafael-Ramirez-ERRERR-No-copyright-date-on-back_front.jpg'
1990-Upper-Deck.zip,1990_Upper-Deck/145b_Oddibe-McDowell-COR-UERCOR-Copyright-date-on-back-UER-Misspe_back.jpg,back,'145b' recovers to '145' (R4-letter-variant) but that slot is held by '1990_Upper-Deck/145a_Oddibe-McDowell-ERR-UERERR-No-copyright-date-on-back-UER-Mis_back.jpg'
1990-Upper-Deck.zip,1990_Upper-Deck/145b_Oddibe-McDowell-COR-UERCOR-Copyright-date-on-back-UER-Misspe_front.jpg,front,'145b' recovers to '145' (R4-letter-variant) but that slot is held by '1990_Upper-Deck/145a_Oddibe-McDowell-ERR-UERERR-No-copyright-date-on-back-UER-Mis_front.jpg'
1990-Upper-Deck.zip,1990_Upper-Deck/146b_Brian-Downing-CORCOR-Copyright-date-on-back_back.jpg,back,'146b' recovers to '146' (R4-letter-variant) but that slot is held by '1990_Upper-Deck/146a_Brian-Downing-ERRERR-No-copyright-date-on-back_back.jpg'
1990-Upper-Deck.zip,1990_Upper-Deck/146b_Brian-Downing-CORCOR-Copyright-date-on-back_front.jpg,front,'146b' recovers to '146' (R4-letter-variant) but that slot is held by '1990_Upper-Deck/146a_Brian-Downing-ERRERR-No-copyright-date-on-back_front.jpg'
1990-Upper-Deck.zip,1990_Upper-Deck/147b_Curtis-Wilkerson-CORCOR-Copyright-date-on-back_back.jpg,back,'147b' recovers to '147' (R4-letter-variant) but that slot is held by '1990_Upper-Deck/147a_Curtis-Wilkerson-ERRERR-No-copyright-date-on-back_back.jpg'
1990-Upper-Deck.zip,1990_Upper-Deck/147b_Curtis-Wilkerson-CORCOR-Copyright-date-on-back_front.jpg,front,'147b' recovers to '147' (R4-letter-variant) but that slot is held by '1990_Upper-Deck/147a_Curtis-Wilkerson-ERRERR-No-copyright-date-on-back_front.jpg'
1990-Upper-Deck.zip,1990_Upper-Deck/148b_Ernie-Whitt-CORCOR-Copyright-date-on-back_back.jpg,back,'148b' recovers to '148' (R4-letter-variant) but that slot is held by '1990_Upper-Deck/148a_Ernie-Whitt-ERRERR-No-copyright-date-on-back_back.jpg'
1990-Upper-Deck.zip,1990_Upper-Deck/148b_Ernie-Whitt-CORCOR-Copyright-date-on-back_front.jpg,front,'148b' recovers to '148' (R4-letter-variant) but that slot is held by '1990_Upper-Deck/148a_Ernie-Whitt-ERRERR-No-copyright-date-on-back_front.jpg'
1990-Upper-Deck.zip,1990_Upper-Deck/149b_Bill-Schroeder-CORCOR-Copyright-date-on-back_back.jpg,back,'149b' recovers to '149' (R4-letter-variant) but that slot is held by '1990_Upper-Deck/149a_Bill-Schroeder-ERRERR-No-copyright-date-on-back_back.jpg'
1990-Upper-Deck.zip,1990_Upper-Deck/149b_Bill-Schroeder-CORCOR-Copyright-date-on-back_front.jpg,front,'149b' recovers to '149' (R4-letter-variant) but that slot is held by '1990_Upper-Deck/149a_Bill-Schroeder-ERRERR-No-copyright-date-on-back_front.jpg'
1990-Upper-Deck.zip,1990_Upper-Deck/150b_Domingo-Ramos-COR-UERCOR-Copyright-date-on-back-UER-stats-sa_back.jpg,back,'150b' recovers to '150' (R4-letter-variant) but that slot is held by '1990_Upper-Deck/150a_Domingo-Ramos-ERR-UERERR-No-copyright-date-on-back-UER-stats_back.jpg'
1990-Upper-Deck.zip,1990_Upper-Deck/150b_Domingo-Ramos-COR-UERCOR-Copyright-date-on-back-UER-stats-sa_front.jpg,front,'150b' recovers to '150' (R4-letter-variant) but that slot is held by '1990_Upper-Deck/150a_Domingo-Ramos-ERR-UERERR-No-copyright-date-on-back-UER-stats_front.jpg'
1990-Upper-Deck.zip,1990_Upper-Deck/151b_Rick-Honeycutt-CORCOR-Copyright-date-on-back_back.jpg,back,'151b' recovers to '151' (R4-letter-variant) but that slot is held by '1990_Upper-Deck/151a_Rick-Honeycutt-ERRERR-No-copyright-date-on-back_back.jpg'
1990-Upper-Deck.zip,1990_Upper-Deck/151b_Rick-Honeycutt-CORCOR-Copyright-date-on-back_front.jpg,front,'151b' recovers to '151' (R4-letter-variant) but that slot is held by '1990_Upper-Deck/151a_Rick-Honeycutt-ERRERR-No-copyright-date-on-back_front.jpg'
1990-Upper-Deck.zip,1990_Upper-Deck/152b_Don-Slaught-CORCOR-Copyright-date-on-back_back.jpg,back,'152b' recovers to '152' (R4-letter-variant) but that slot is held by '1990_Upper-Deck/152a_Don-Slaught-ERRERR-No-copyright-date-on-back_back.jpg'
1990-Upper-Deck.zip,1990_Upper-Deck/152b_Don-Slaught-CORCOR-Copyright-date-on-back_front.jpg,front,'152b' recovers to '152' (R4-letter-variant) but that slot is held by '1990_Upper-Deck/152a_Don-Slaught-ERRERR-No-copyright-date-on-back_front.jpg'
1990-Upper-Deck.zip,1990_Upper-Deck/153b_Mitch-Webster-CORCOR-Copyright-date-on-back_back.jpg,back,'153b' recovers to '153' (R4-letter-variant) but that slot is held by '1990_Upper-Deck/153a_Mitch-Webster-ERRERR-No-copyright-date-on-back_back.jpg'
1990-Upper-Deck.zip,1990_Upper-Deck/153b_Mitch-Webster-CORCOR-Copyright-date-on-back_front.jpg,front,'153b' recovers to '153' (R4-letter-variant) but that slot is held by '1990_Upper-Deck/153a_Mitch-Webster-ERRERR-No-copyright-date-on-back_front.jpg'
1990-Upper-Deck.zip,1990_Upper-Deck/154b_Tony-Phillips-CORCOR-Copyright-date-on-back_back.jpg,back,'154b' recovers to '154' (R4-letter-variant) but that slot is held by '1990_Upper-Deck/154a_Tony-Phillips-ERRERR-No-copyright-date-on-back_back.jpg'
1990-Upper-Deck.zip,1990_Upper-Deck/154b_Tony-Phillips-CORCOR-Copyright-date-on-back_front.jpg,front,'154b' recovers to '154' (R4-letter-variant) but that slot is held by '1990_Upper-Deck/154a_Tony-Phillips-ERRERR-No-copyright-date-on-back_front.jpg'
1990-Upper-Deck.zip,1990_Upper-Deck/155b_Paul-Kilgus-CORCOR-Copyright-date-on-back_back.jpg,back,'155b' recovers to '155' (R4-letter-variant) but that slot is held by '1990_Upper-Deck/155a_Paul-Kilgus-ERRERR-No-copyright-date-on-back_back.jpg'
1990-Upper-Deck.zip,1990_Upper-Deck/155b_Paul-Kilgus-CORCOR-Copyright-date-on-back_front.jpg,front,'155b' recovers to '155' (R4-letter-variant) but that slot is held by '1990_Upper-Deck/155a_Paul-Kilgus-ERRERR-No-copyright-date-on-back_front.jpg'
1990-Upper-Deck.zip,1990_Upper-Deck/156b_Ken-Griffey-Jr-CORCOR-Copyright-date-on-back_back.jpg,back,'156b' recovers to '156' (R4-letter-variant) but that slot is held by '1990_Upper-Deck/156a_Ken-Griffey-Jr-ERRERR-No-copyright-date-on-back_back.jpg'
1990-Upper-Deck.zip,1990_Upper-Deck/156b_Ken-Griffey-Jr-CORCOR-Copyright-date-on-back_front.jpg,front,'156b' recovers to '156' (R4-letter-variant) but that slot is held by '1990_Upper-Deck/156a_Ken-Griffey-Jr-ERRERR-No-copyright-date-on-back_front.jpg'
1990-Upper-Deck.zip,1990_Upper-Deck/158b_Wally-Backman-CORCOR-Copyright-date-on-back_back.jpg,back,'158b' recovers to '158' (R4-letter-variant) but that slot is held by '1990_Upper-Deck/158a_Wally-Backman-ERRERR-No-copyright-date-on-back_back.jpg'
1990-Upper-Deck.zip,1990_Upper-Deck/158b_Wally-Backman-CORCOR-Copyright-date-on-back_front.jpg,front,'158b' recovers to '158' (R4-letter-variant) but that slot is held by '1990_Upper-Deck/158a_Wally-Backman-ERRERR-No-copyright-date-on-back_front.jpg'
1990-Upper-Deck.zip,1990_Upper-Deck/159b_B-J-Surhoff-CORCOR-Copyright-date-on-back_back.jpg,back,'159b' recovers to '159' (R4-letter-variant) but that slot is held by '1990_Upper-Deck/159a_B-J-Surhoff-ERRERR-No-copyright-date-on-back_back.jpg'
1990-Upper-Deck.zip,1990_Upper-Deck/159b_B-J-Surhoff-CORCOR-Copyright-date-on-back_front.jpg,front,'159b' recovers to '159' (R4-letter-variant) but that slot is held by '1990_Upper-Deck/159a_B-J-Surhoff-ERRERR-No-copyright-date-on-back_front.jpg'
1990-Upper-Deck.zip,1990_Upper-Deck/162b_Jeff-McKnight-RC-CORCOR-Copyright-date-on-back_back.jpg,back,'162b' recovers to '162' (R4-letter-variant) but that slot is held by '1990_Upper-Deck/162a_Jeff-McKnight-RC-ERRERR-No-copyright-date-on-back_back.jpg'
1990-Upper-Deck.zip,1990_Upper-Deck/162b_Jeff-McKnight-RC-CORCOR-Copyright-date-on-back_front.jpg,front,'162b' recovers to '162' (R4-letter-variant) but that slot is held by '1990_Upper-Deck/162a_Jeff-McKnight-RC-ERRERR-No-copyright-date-on-back_front.jpg'
1990-Upper-Deck.zip,1990_Upper-Deck/165b_Jeff-Reed-CORCOR-Copyright-date-on-back_back.jpg,back,'165b' recovers to '165' (R4-letter-variant) but that slot is held by '1990_Upper-Deck/165a_Jeff-Reed-ERRERR-No-copyright-date-on-back_back.jpg'
1990-Upper-Deck.zip,1990_Upper-Deck/165b_Jeff-Reed-CORCOR-Copyright-date-on-back_front.jpg,front,'165b' recovers to '165' (R4-letter-variant) but that slot is held by '1990_Upper-Deck/165a_Jeff-Reed-ERRERR-No-copyright-date-on-back_front.jpg'
1990-Upper-Deck.zip,1990_Upper-Deck/166b_Gregg-Jefferies-CORCOR-Copyright-date-on-back_back.jpg,back,'166b' recovers to '166' (R4-letter-variant) but that slot is held by '1990_Upper-Deck/166a_Gregg-Jefferies-ERRERR-No-copyright-date-on-back_back.jpg'
1990-Upper-Deck.zip,1990_Upper-Deck/166b_Gregg-Jefferies-CORCOR-Copyright-date-on-back_front.jpg,front,'166b' recovers to '166' (R4-letter-variant) but that slot is held by '1990_Upper-Deck/166a_Gregg-Jefferies-ERRERR-No-copyright-date-on-back_front.jpg'
1990-Upper-Deck.zip,1990_Upper-Deck/167b_Barry-Larkin-CORCOR-Copyright-date-on-back_back.jpg,back,'167b' recovers to '167' (R4-letter-variant) but that slot is held by '1990_Upper-Deck/167a_Barry-Larkin-ERRERR-No-copyright-date-on-back_back.jpg'
1990-Upper-Deck.zip,1990_Upper-Deck/167b_Barry-Larkin-CORCOR-Copyright-date-on-back_front.jpg,front,'167b' recovers to '167' (R4-letter-variant) but that slot is held by '1990_Upper-Deck/167a_Barry-Larkin-ERRERR-No-copyright-date-on-back_front.jpg'
1990-Upper-Deck.zip,1990_Upper-Deck/168b_Gary-Carter-CORCOR-Copyright-date-on-back_back.jpg,back,'168b' recovers to '168' (R4-letter-variant) but that slot is held by '1990_Upper-Deck/168a_Gary-Carter-ERRERR-No-copyright-date-on-back_back.jpg'
1990-Upper-Deck.zip,1990_Upper-Deck/168b_Gary-Carter-CORCOR-Copyright-date-on-back_front.jpg,front,'168b' recovers to '168' (R4-letter-variant) but that slot is held by '1990_Upper-Deck/168a_Gary-Carter-ERRERR-No-copyright-date-on-back_front.jpg'
1990-Upper-Deck.zip,1990_Upper-Deck/169b_Robby-Thompson-CORCOR-Copyright-date-on-back_back.jpg,back,'169b' recovers to '169' (R4-letter-variant) but that slot is held by '1990_Upper-Deck/169a_Robby-Thompson-ERRERR-No-copyright-date-on-back_back.jpg'
1990-Upper-Deck.zip,1990_Upper-Deck/169b_Robby-Thompson-CORCOR-Copyright-date-on-back_front.jpg,front,'169b' recovers to '169' (R4-letter-variant) but that slot is held by '1990_Upper-Deck/169a_Robby-Thompson-ERRERR-No-copyright-date-on-back_front.jpg'
1990-Upper-Deck.zip,1990_Upper-Deck/170b_Rolando-Roomes-CORCOR-Copyright-date-on-back_back.jpg,back,'170b' recovers to '170' (R4-letter-variant) but that slot is held by '1990_Upper-Deck/170a_Rolando-Roomes-ERRERR-No-copyright-date-on-back_back.jpg'
1990-Upper-Deck.zip,1990_Upper-Deck/170b_Rolando-Roomes-CORCOR-Copyright-date-on-back_front.jpg,front,'170b' recovers to '170' (R4-letter-variant) but that slot is held by '1990_Upper-Deck/170a_Rolando-Roomes-ERRERR-No-copyright-date-on-back_front.jpg'
1990-Upper-Deck.zip,1990_Upper-Deck/171b_Mark-McGwire-COR-UERCOR-Copyright-date-on-back-UER-Total-gam_back.jpg,back,'171b' recovers to '171' (R4-letter-variant) but that slot is held by '1990_Upper-Deck/171a_Mark-McGwire-ERR-UERERR-No-copyright-date-on-back-UER-Total-_back.jpg'
1990-Upper-Deck.zip,1990_Upper-Deck/171b_Mark-McGwire-COR-UERCOR-Copyright-date-on-back-UER-Total-gam_front.jpg,front,'171b' recovers to '171' (R4-letter-variant) but that slot is held by '1990_Upper-Deck/171a_Mark-McGwire-ERR-UERERR-No-copyright-date-on-back-UER-Total-_front.jpg'
1990-Upper-Deck.zip,1990_Upper-Deck/172b_Steve-Sax-CORCOR-Copyright-date-on-back_back.jpg,back,'172b' recovers to '172' (R4-letter-variant) but that slot is held by '1990_Upper-Deck/172a_Steve-Sax-ERRERR-No-copyright-date-on-back_back.jpg'
1990-Upper-Deck.zip,1990_Upper-Deck/172b_Steve-Sax-CORCOR-Copyright-date-on-back_front.jpg,front,'172b' recovers to '172' (R4-letter-variant) but that slot is held by '1990_Upper-Deck/172a_Steve-Sax-ERRERR-No-copyright-date-on-back_front.jpg'
1990-Upper-Deck.zip,1990_Upper-Deck/173b_Mark-Williamson-CORCOR-Copyright-date-on-back_back.jpg,back,'173b' recovers to '173' (R4-letter-variant) but that slot is held by '1990_Upper-Deck/173a_Mark-Williamson-ERRERR-No-copyright-date-on-back_back.jpg'
1990-Upper-Deck.zip,1990_Upper-Deck/173b_Mark-Williamson-CORCOR-Copyright-date-on-back_front.jpg,front,'173b' recovers to '173' (R4-letter-variant) but that slot is held by '1990_Upper-Deck/173a_Mark-Williamson-ERRERR-No-copyright-date-on-back_front.jpg'
1990-Upper-Deck.zip,1990_Upper-Deck/174b_Mitch-Williams-CORCOR-Copyright-date-on-back_back.jpg,back,'174b' recovers to '174' (R4-letter-variant) but that slot is held by '1990_Upper-Deck/174a_Mitch-Williams-ERRERR-No-copyright-date-on-back_back.jpg'
1990-Upper-Deck.zip,1990_Upper-Deck/174b_Mitch-Williams-CORCOR-Copyright-date-on-back_front.jpg,front,'174b' recovers to '174' (R4-letter-variant) but that slot is held by '1990_Upper-Deck/174a_Mitch-Williams-ERRERR-No-copyright-date-on-back_front.jpg'
1990-Upper-Deck.zip,1990_Upper-Deck/175b_Brian-Holton-CORCOR-Copyright-date-on-back_back.jpg,back,'175b' recovers to '175' (R4-letter-variant) but that slot is held by '1990_Upper-Deck/175a_Brian-Holton-ERRERR-No-copyright-date-on-back_back.jpg'
1990-Upper-Deck.zip,1990_Upper-Deck/175b_Brian-Holton-CORCOR-Copyright-date-on-back_front.jpg,front,'175b' recovers to '175' (R4-letter-variant) but that slot is held by '1990_Upper-Deck/175a_Brian-Holton-ERRERR-No-copyright-date-on-back_front.jpg'
1990-Upper-Deck.zip,1990_Upper-Deck/176b_Rob-Deer-CORCOR-Copyright-date-on-back_back.jpg,back,'176b' recovers to '176' (R4-letter-variant) but that slot is held by '1990_Upper-Deck/176a_Rob-Deer-ERRERR-No-copyright-date-on-back_back.jpg'
1990-Upper-Deck.zip,1990_Upper-Deck/176b_Rob-Deer-CORCOR-Copyright-date-on-back_front.jpg,front,'176b' recovers to '176' (R4-letter-variant) but that slot is held by '1990_Upper-Deck/176a_Rob-Deer-ERRERR-No-copyright-date-on-back_front.jpg'
1990-Upper-Deck.zip,1990_Upper-Deck/177b_Tim-Raines-CORCOR-Copyright-date-on-back_back.jpg,back,'177b' recovers to '177' (R4-letter-variant) but that slot is held by '1990_Upper-Deck/177a_Tim-Raines-ERRERR-No-copyright-date-on-back_back.jpg'
1990-Upper-Deck.zip,1990_Upper-Deck/177b_Tim-Raines-CORCOR-Copyright-date-on-back_front.jpg,front,'177b' recovers to '177' (R4-letter-variant) but that slot is held by '1990_Upper-Deck/177a_Tim-Raines-ERRERR-No-copyright-date-on-back_front.jpg'
1990-Upper-Deck.zip,1990_Upper-Deck/178b_Mike-Felder-CORCOR-Copyright-date-on-back_back.jpg,back,'178b' recovers to '178' (R4-letter-variant) but that slot is held by '1990_Upper-Deck/178a_Mike-Felder-ERRERR-No-copyright-date-on-back_back.jpg'
1990-Upper-Deck.zip,1990_Upper-Deck/178b_Mike-Felder-CORCOR-Copyright-date-on-back_front.jpg,front,'178b' recovers to '178' (R4-letter-variant) but that slot is held by '1990_Upper-Deck/178a_Mike-Felder-ERRERR-No-copyright-date-on-back_front.jpg'
1990-Upper-Deck.zip,1990_Upper-Deck/179b_Harold-Reynolds-CORCOR-Copyright-date-on-back_back.jpg,back,'179b' recovers to '179' (R4-letter-variant) but that slot is held by '1990_Upper-Deck/179a_Harold-Reynolds-ERRERR-No-copyright-date-on-back_back.jpg'
1990-Upper-Deck.zip,1990_Upper-Deck/179b_Harold-Reynolds-CORCOR-Copyright-date-on-back_front.jpg,front,'179b' recovers to '179' (R4-letter-variant) but that slot is held by '1990_Upper-Deck/179a_Harold-Reynolds-ERRERR-No-copyright-date-on-back_front.jpg'
1990-Upper-Deck.zip,1990_Upper-Deck/180b_Terry-Francona-CORCOR-Copyright-date-on-back_back.jpg,back,'180b' recovers to '180' (R4-letter-variant) but that slot is held by '1990_Upper-Deck/180a_Terry-Francona-ERRERR-No-copyright-date-on-back_back.jpg'
1990-Upper-Deck.zip,1990_Upper-Deck/180b_Terry-Francona-CORCOR-Copyright-date-on-back_front.jpg,front,'180b' recovers to '180' (R4-letter-variant) but that slot is held by '1990_Upper-Deck/180a_Terry-Francona-ERRERR-No-copyright-date-on-back_front.jpg'
1990-Upper-Deck.zip,1990_Upper-Deck/181b_Chris-Sabo-CORCOR-Copyright-date-on-back_back.jpg,back,'181b' recovers to '181' (R4-letter-variant) but that slot is held by '1990_Upper-Deck/181a_Chris-Sabo-ERRERR-No-copyright-date-on-back_back.jpg'
1990-Upper-Deck.zip,1990_Upper-Deck/181b_Chris-Sabo-CORCOR-Copyright-date-on-back_front.jpg,front,'181b' recovers to '181' (R4-letter-variant) but that slot is held by '1990_Upper-Deck/181a_Chris-Sabo-ERRERR-No-copyright-date-on-back_front.jpg'
1990-Upper-Deck.zip,1990_Upper-Deck/182b_Darryl-Strawberry-CORCOR-Copyright-date-on-back_back.jpg,back,'182b' recovers to '182' (R4-letter-variant) but that slot is held by '1990_Upper-Deck/182a_Darryl-Strawberry-ERRERR-No-copyright-date-on-back_back.jpg'
1990-Upper-Deck.zip,1990_Upper-Deck/182b_Darryl-Strawberry-CORCOR-Copyright-date-on-back_front.jpg,front,'182b' recovers to '182' (R4-letter-variant) but that slot is held by '1990_Upper-Deck/182a_Darryl-Strawberry-ERRERR-No-copyright-date-on-back_front.jpg'
1990-Upper-Deck.zip,1990_Upper-Deck/183b_Willie-Randolph-COR-UERCOR-Copyright-date-on-back-UER-1989-s_back.jpg,back,'183b' recovers to '183' (R4-letter-variant) but that slot is held by '1990_Upper-Deck/183a_Willie-Randolph-ERR-UERERR-No-copyright-date-on-back-UER-198_back.jpg'
1990-Upper-Deck.zip,1990_Upper-Deck/183b_Willie-Randolph-COR-UERCOR-Copyright-date-on-back-UER-1989-s_front.jpg,front,'183b' recovers to '183' (R4-letter-variant) but that slot is held by '1990_Upper-Deck/183a_Willie-Randolph-ERR-UERERR-No-copyright-date-on-back-UER-198_front.jpg'
1990-Upper-Deck.zip,1990_Upper-Deck/184b_Billy-Ripken-CORCOR-Copyright-date-on-back_back.jpg,back,'184b' recovers to '184' (R4-letter-variant) but that slot is held by '1990_Upper-Deck/184a_Billy-Ripken-ERRERR-No-copyright-date-on-back_back.jpg'
1990-Upper-Deck.zip,1990_Upper-Deck/184b_Billy-Ripken-CORCOR-Copyright-date-on-back_front.jpg,front,'184b' recovers to '184' (R4-letter-variant) but that slot is held by '1990_Upper-Deck/184a_Billy-Ripken-ERRERR-No-copyright-date-on-back_front.jpg'
1990-Upper-Deck.zip,1990_Upper-Deck/185b_Mackey-Sasser-CORCOR-Copyright-date-on-back_back.jpg,back,'185b' recovers to '185' (R4-letter-variant) but that slot is held by '1990_Upper-Deck/185a_Mackey-Sasser-ERRERR-No-copyright-date-on-back_back.jpg'
1990-Upper-Deck.zip,1990_Upper-Deck/185b_Mackey-Sasser-CORCOR-Copyright-date-on-back_front.jpg,front,'185b' recovers to '185' (R4-letter-variant) but that slot is held by '1990_Upper-Deck/185a_Mackey-Sasser-ERRERR-No-copyright-date-on-back_front.jpg'
1990-Upper-Deck.zip,1990_Upper-Deck/186b_Todd-Benzinger-CORCOR-Copyright-date-on-back_back.jpg,back,'186b' recovers to '186' (R4-letter-variant) but that slot is held by '1990_Upper-Deck/186a_Todd-Benzinger-ERRERR-No-copyright-date-on-back_back.jpg'
1990-Upper-Deck.zip,1990_Upper-Deck/186b_Todd-Benzinger-CORCOR-Copyright-date-on-back_front.jpg,front,'186b' recovers to '186' (R4-letter-variant) but that slot is held by '1990_Upper-Deck/186a_Todd-Benzinger-ERRERR-No-copyright-date-on-back_front.jpg'
1990-Upper-Deck.zip,1990_Upper-Deck/187b_Kevin-Elster-COR-UERCOR-Copyright-date-on-back-UER-16-homers_back.jpg,back,'187b' recovers to '187' (R4-letter-variant) but that slot is held by '1990_Upper-Deck/187a_Kevin-Elster-ERR-UERERR-No-copyright-date-on-back-UER-16-hom_back.jpg'
1990-Upper-Deck.zip,1990_Upper-Deck/187b_Kevin-Elster-COR-UERCOR-Copyright-date-on-back-UER-16-homers_front.jpg,front,'187b' recovers to '187' (R4-letter-variant) but that slot is held by '1990_Upper-Deck/187a_Kevin-Elster-ERR-UERERR-No-copyright-date-on-back-UER-16-hom_front.jpg'
1990-Upper-Deck.zip,1990_Upper-Deck/188b_Jose-Uribe-COR-UERCOR-Copyright-date-on-back-UER-Born-1960-s_back.jpg,back,'188b' recovers to '188' (R4-letter-variant) but that slot is held by '1990_Upper-Deck/188a_Jose-Uribe-ERR-UERERR-No-copyright-date-on-back-UER-Born-196_back.jpg'
1990-Upper-Deck.zip,1990_Upper-Deck/188b_Jose-Uribe-COR-UERCOR-Copyright-date-on-back-UER-Born-1960-s_front.jpg,front,'188b' recovers to '188' (R4-letter-variant) but that slot is held by '1990_Upper-Deck/188a_Jose-Uribe-ERR-UERERR-No-copyright-date-on-back-UER-Born-196_front.jpg'
1990-Upper-Deck.zip,1990_Upper-Deck/189b_Tom-Browning-CORCOR-Copyright-date-on-back_back.jpg,back,'189b' recovers to '189' (R4-letter-variant) but that slot is held by '1990_Upper-Deck/189a_Tom-Browning-ERRERR-No-copyright-date-on-back_back.jpg'
1990-Upper-Deck.zip,1990_Upper-Deck/189b_Tom-Browning-CORCOR-Copyright-date-on-back_front.jpg,front,'189b' recovers to '189' (R4-letter-variant) but that slot is held by '1990_Upper-Deck/189a_Tom-Browning-ERRERR-No-copyright-date-on-back_front.jpg'
1990-Upper-Deck.zip,1990_Upper-Deck/190b_Keith-Miller-CORCOR-Copyright-date-on-back_back.jpg,back,'190b' recovers to '190' (R4-letter-variant) but that slot is held by '1990_Upper-Deck/190a_Keith-Miller-ERRERR-No-copyright-date-on-back_back.jpg'
1990-Upper-Deck.zip,1990_Upper-Deck/190b_Keith-Miller-CORCOR-Copyright-date-on-back_front.jpg,front,'190b' recovers to '190' (R4-letter-variant) but that slot is held by '1990_Upper-Deck/190a_Keith-Miller-ERRERR-No-copyright-date-on-back_front.jpg'
1990-Upper-Deck.zip,1990_Upper-Deck/191b_Don-Mattingly-CORCOR-Copyright-date-on-back_back.jpg,back,'191b' recovers to '191' (R4-letter-variant) but that slot is held by '1990_Upper-Deck/191a_Don-Mattingly-ERRERR-No-copyright-date-on-back_back.jpg'
1990-Upper-Deck.zip,1990_Upper-Deck/191b_Don-Mattingly-CORCOR-Copyright-date-on-back_front.jpg,front,'191b' recovers to '191' (R4-letter-variant) but that slot is held by '1990_Upper-Deck/191a_Don-Mattingly-ERRERR-No-copyright-date-on-back_front.jpg'
1990-Upper-Deck.zip,1990_Upper-Deck/192b_Dave-Parker-CORCOR-Copyright-date-on-back_back.jpg,back,'192b' recovers to '192' (R4-letter-variant) but that slot is held by '1990_Upper-Deck/192a_Dave-Parker-ERRERR-No-copyright-date-on-back_back.jpg'
1990-Upper-Deck.zip,1990_Upper-Deck/192b_Dave-Parker-CORCOR-Copyright-date-on-back_front.jpg,front,'192b' recovers to '192' (R4-letter-variant) but that slot is held by '1990_Upper-Deck/192a_Dave-Parker-ERRERR-No-copyright-date-on-back_front.jpg'
1990-Upper-Deck.zip,1990_Upper-Deck/193b_Roberto-Kelly-COR-UERCOR-Copyright-date-on-back-UER-RBI-tota_back.jpg,back,'193b' recovers to '193' (R4-letter-variant) but that slot is held by '1990_Upper-Deck/193a_Roberto-Kelly-ERR-UERERR-No-copyright-date-on-back-UER-RBI-t_back.jpg'
1990-Upper-Deck.zip,1990_Upper-Deck/193b_Roberto-Kelly-COR-UERCOR-Copyright-date-on-back-UER-RBI-tota_front.jpg,front,'193b' recovers to '193' (R4-letter-variant) but that slot is held by '1990_Upper-Deck/193a_Roberto-Kelly-ERR-UERERR-No-copyright-date-on-back-UER-RBI-t_front.jpg'
1990-Upper-Deck.zip,1990_Upper-Deck/194b_Phil-Bradley-CORCOR-Copyright-date-on-back_back.jpg,back,'194b' recovers to '194' (R4-letter-variant) but that slot is held by '1990_Upper-Deck/194a_Phil-Bradley-ERRERR-No-copyright-date-on-back_back.jpg'
1990-Upper-Deck.zip,1990_Upper-Deck/194b_Phil-Bradley-CORCOR-Copyright-date-on-back_front.jpg,front,'194b' recovers to '194' (R4-letter-variant) but that slot is held by '1990_Upper-Deck/194a_Phil-Bradley-ERRERR-No-copyright-date-on-back_front.jpg'
1990-Upper-Deck.zip,1990_Upper-Deck/195b_Ron-Hassey-CORCOR-Copyright-date-on-back_back.jpg,back,'195b' recovers to '195' (R4-letter-variant) but that slot is held by '1990_Upper-Deck/195a_Ron-Hassey-ERRERR-No-copyright-date-on-back_back.jpg'
1990-Upper-Deck.zip,1990_Upper-Deck/195b_Ron-Hassey-CORCOR-Copyright-date-on-back_front.jpg,front,'195b' recovers to '195' (R4-letter-variant) but that slot is held by '1990_Upper-Deck/195a_Ron-Hassey-ERRERR-No-copyright-date-on-back_front.jpg'
1990-Upper-Deck.zip,1990_Upper-Deck/196b_Gerald-Young-CORCOR-Copyright-date-on-back_back.jpg,back,'196b' recovers to '196' (R4-letter-variant) but that slot is held by '1990_Upper-Deck/196a_Gerald-Young-ERRERR-No-copyright-date-on-back_back.jpg'
1990-Upper-Deck.zip,1990_Upper-Deck/196b_Gerald-Young-CORCOR-Copyright-date-on-back_front.jpg,front,'196b' recovers to '196' (R4-letter-variant) but that slot is held by '1990_Upper-Deck/196a_Gerald-Young-ERRERR-No-copyright-date-on-back_front.jpg'
1990-Upper-Deck.zip,1990_Upper-Deck/197b_Hubie-Brooks-CORCOR-Copyright-date-on-back_back.jpg,back,'197b' recovers to '197' (R4-letter-variant) but that slot is held by '1990_Upper-Deck/197a_Hubie-Brooks-ERRERR-No-copyright-date-on-back_back.jpg'
1990-Upper-Deck.zip,1990_Upper-Deck/197b_Hubie-Brooks-CORCOR-Copyright-date-on-back_front.jpg,front,'197b' recovers to '197' (R4-letter-variant) but that slot is held by '1990_Upper-Deck/197a_Hubie-Brooks-ERRERR-No-copyright-date-on-back_front.jpg'
1990-Upper-Deck.zip,1990_Upper-Deck/198b_Bill-Doran-CORCOR-Copyright-date-on-back_back.jpg,back,'198b' recovers to '198' (R4-letter-variant) but that slot is held by '1990_Upper-Deck/198a_Bill-Doran-ERRERR-No-copyright-date-on-back_back.jpg'
1990-Upper-Deck.zip,1990_Upper-Deck/198b_Bill-Doran-CORCOR-Copyright-date-on-back_front.jpg,front,'198b' recovers to '198' (R4-letter-variant) but that slot is held by '1990_Upper-Deck/198a_Bill-Doran-ERRERR-No-copyright-date-on-back_front.jpg'
1990-Upper-Deck.zip,1990_Upper-Deck/199b_Al-Newman-CORCOR-Copyright-date-on-back_back.jpg,back,'199b' recovers to '199' (R4-letter-variant) but that slot is held by '1990_Upper-Deck/199a_Al-Newman-ERRERR-No-copyright-date-on-back_back.jpg'
1990-Upper-Deck.zip,1990_Upper-Deck/199b_Al-Newman-CORCOR-Copyright-date-on-back_front.jpg,front,'199b' recovers to '199' (R4-letter-variant) but that slot is held by '1990_Upper-Deck/199a_Al-Newman-ERRERR-No-copyright-date-on-back_front.jpg'
1990-Upper-Deck.zip,1990_Upper-Deck/478b_Scott-Garrelts-CORCOR-Correct-photo-stubble_back.jpg,back,'478b' recovers to '478' (R4-letter-variant) but that slot is held by '1990_Upper-Deck/478a_Scott-Garrelts-ERRERR-Bill-Bathe-pictured-on-front-clean-sha_back.jpg'
1990-Upper-Deck.zip,1990_Upper-Deck/478b_Scott-Garrelts-CORCOR-Correct-photo-stubble_front.jpg,front,'478b' recovers to '478' (R4-letter-variant) but that slot is held by '1990_Upper-Deck/478a_Scott-Garrelts-ERRERR-Bill-Bathe-pictured-on-front-clean-sha_front.jpg'
1990-Upper-Deck.zip,1990_Upper-Deck/54b_Ben-McDonald-SR-RC-VARVAR-Star-Rookie-logo-on-front_back.jpg,back,'54b' recovers to '54' (R4-letter-variant) but that slot is held by '1990_Upper-Deck/54a_Ben-McDonald-SR-RC-VARVAR-Orioles-logo-on-front_back.jpg'
1990-Upper-Deck.zip,1990_Upper-Deck/54b_Ben-McDonald-SR-RC-VARVAR-Star-Rookie-logo-on-front_front.jpg,front,'54b' recovers to '54' (R4-letter-variant) but that slot is held by '1990_Upper-Deck/54a_Ben-McDonald-SR-RC-VARVAR-Orioles-logo-on-front_front.jpg'
1990-Upper-Deck.zip,1990_Upper-Deck/562b_Jeff-Innis-RC-CORCOR-Correct-photo-in-conversation_back.jpg,back,'562b' recovers to '562' (R4-letter-variant) but that slot is held by '1990_Upper-Deck/562a_Jeff-Innis-RC-ERRERR-David-West-pictured-on-front-facing-rig_back.jpg'
1990-Upper-Deck.zip,1990_Upper-Deck/562b_Jeff-Innis-RC-CORCOR-Correct-photo-in-conversation_front.jpg,front,'562b' recovers to '562' (R4-letter-variant) but that slot is held by '1990_Upper-Deck/562a_Jeff-Innis-RC-ERRERR-David-West-pictured-on-front-facing-rig_front.jpg'
1990-Upper-Deck.zip,1990_Upper-Deck/597b_Andy-McGaffigan-CORCOR-Correct-photo-standing-pose_back.jpg,back,'597b' recovers to '597' (R4-letter-variant) but that slot is held by '1990_Upper-Deck/597a_Andy-McGaffigan-ERRERR-Rich-Thompson-pictured-on-front-pitch_back.jpg'
1990-Upper-Deck.zip,1990_Upper-Deck/597b_Andy-McGaffigan-CORCOR-Correct-photo-standing-pose_front.jpg,front,'597b' recovers to '597' (R4-letter-variant) but that slot is held by '1990_Upper-Deck/597a_Andy-McGaffigan-ERRERR-Rich-Thompson-pictured-on-front-pitch_front.jpg'
1990-Upper-Deck.zip,1990_Upper-Deck/60b_Mickey-Tettleton-CL-CORCOR-683-is-Mickey-Weston_back.jpg,back,'60b' recovers to '60' (R4-letter-variant) but that slot is held by '1990_Upper-Deck/60a_Mickey-Tettleton-CL-ERRERR-683-is-Jamie-Weston_back.jpg'
1990-Upper-Deck.zip,1990_Upper-Deck/60b_Mickey-Tettleton-CL-CORCOR-683-is-Mickey-Weston_front.jpg,front,'60b' recovers to '60' (R4-letter-variant) but that slot is held by '1990_Upper-Deck/60a_Mickey-Tettleton-CL-ERRERR-683-is-Jamie-Weston_front.jpg'
1990-Upper-Deck.zip,1990_Upper-Deck/683b_Mickey-Weston-RC-CORCOR-Name-Mickey-Weston-UER-Born-3-26-81-_back.jpg,back,'683b' recovers to '683' (R4-letter-variant) but that slot is held by '1990_Upper-Deck/683a_Mickey-Weston-RC-ERRERR-Name-Jamie-Weston-UER-Born-3-26-81-s_back.jpg'
1990-Upper-Deck.zip,1990_Upper-Deck/683b_Mickey-Weston-RC-CORCOR-Name-Mickey-Weston-UER-Born-3-26-81-_front.jpg,front,'683b' recovers to '683' (R4-letter-variant) but that slot is held by '1990_Upper-Deck/683a_Mickey-Weston-RC-ERRERR-Name-Jamie-Weston-UER-Born-3-26-81-s_front.jpg'
1990-Upper-Deck.zip,1990_Upper-Deck/700b_Checklist-601-700-CL-CORCOR-683-Mickey-Weston_back.jpg,back,'700b' recovers to '700' (R4-letter-variant) but that slot is held by '1990_Upper-Deck/700a_Checklist-601-700-CL-ERRERR-683-Jamie-Weston_back.jpg'
1990-Upper-Deck.zip,1990_Upper-Deck/700b_Checklist-601-700-CL-CORCOR-683-Mickey-Weston_front.jpg,front,'700b' recovers to '700' (R4-letter-variant) but that slot is held by '1990_Upper-Deck/700a_Checklist-601-700-CL-ERRERR-683-Jamie-Weston_front.jpg'
1990-Upper-Deck.zip,1990_Upper-Deck/734b_Nolan-Ryan-VARNolan-Ryan-s-Sixth-No-Hitter-VAR-300th-Win-ban_back.jpg,back,'734b' recovers to '734' (R4-letter-variant) but that slot is held by '1990_Upper-Deck/734a_Nolan-Ryan-VARNolan-Ryan-s-Sixth-No-Hitter-VAR-No-banner-on-_back.jpg'
1990-Upper-Deck.zip,1990_Upper-Deck/734b_Nolan-Ryan-VARNolan-Ryan-s-Sixth-No-Hitter-VAR-300th-Win-ban_front.jpg,front,'734b' recovers to '734' (R4-letter-variant) but that slot is held by '1990_Upper-Deck/734a_Nolan-Ryan-VARNolan-Ryan-s-Sixth-No-Hitter-VAR-No-banner-on-_front.jpg'
1990-Upper-Deck.zip,1990_Upper-Deck/89b_Jim-Gott-CORCOR-Corrected-photo-pitching_back.jpg,back,'89b' recovers to '89' (R4-letter-variant) but that slot is held by '1990_Upper-Deck/89a_Jim-Gott-ERRERR-Rick-Reed-pictured-on-front-in-dugout_back.jpg'
1990-Upper-Deck.zip,1990_Upper-Deck/89b_Jim-Gott-CORCOR-Corrected-photo-pitching_front.jpg,front,'89b' recovers to '89' (R4-letter-variant) but that slot is held by '1990_Upper-Deck/89a_Jim-Gott-ERRERR-Rick-Reed-pictured-on-front-in-dugout_front.jpg'
1991-Bowman.zip,1991_Bowman/246-2_Ken-Griffey-UERUER-246-on-back-was-supposed-to-be-255_back.jpg,back,combo/leader or unparseable number: '246-2'
1991-Bowman.zip,1991_Bowman/246-2_Ken-Griffey-UERUER-246-on-back-was-supposed-to-be-255_front.jpg,front,combo/leader or unparseable number: '246-2'
1991-Bowman.zip,1991_Bowman/410-2_The-Shot-Heard-Round-The-World_back.jpg,back,combo/leader or unparseable number: '410-2'
1991-Bowman.zip,1991_Bowman/410-2_The-Shot-Heard-Round-The-World_front.jpg,front,combo/leader or unparseable number: '410-2'
1991-Bowman.zip,1991_Bowman/698_Marc-Newfield-MVP-RC_back.jpg,back,number '698' not in catalog set 'bowman'
1991-Bowman.zip,1991_Bowman/698_Marc-Newfield-MVP-RC_front.jpg,front,number '698' not in catalog set 'bowman'
1992-Donruss.zip,1992_Donruss/476-2_Checklist-397-477-CLVAR-397-477-Pack-version_back.jpg,back,combo/leader or unparseable number: '476-2'
1992-Donruss.zip,1992_Donruss/476-2_Checklist-397-477-CLVAR-397-477-Pack-version_front.jpg,front,combo/leader or unparseable number: '476-2'
1992-Donruss.zip,1992_Donruss/556-2_Checklist-478-555-CLVAR-478-555-Pack-version_back.jpg,back,combo/leader or unparseable number: '556-2'
1992-Donruss.zip,1992_Donruss/556-2_Checklist-478-555-CLVAR-478-555-Pack-version_front.jpg,front,combo/leader or unparseable number: '556-2'
1992-Donruss.zip,1992_Donruss/636-2_Checklist-556-635-CLVAR-556-635-Pack-version_back.jpg,back,combo/leader or unparseable number: '636-2'
1992-Donruss.zip,1992_Donruss/636-2_Checklist-556-635-CLVAR-556-635-Pack-version_front.jpg,front,combo/leader or unparseable number: '636-2'
1992-Donruss.zip,1992_Donruss/716-2_Checklist-636-716-CLVAR-636-716-Pack-version_back.jpg,back,combo/leader or unparseable number: '716-2'
1992-Donruss.zip,1992_Donruss/716-2_Checklist-636-716-CLVAR-636-716-Pack-version_front.jpg,front,combo/leader or unparseable number: '716-2'
1992-Donruss.zip,1992_Donruss/784-2_Checklist-717-784-and-BC1-BC8-CLVAR-717-784-and-Bonus-Cards-_back.jpg,back,combo/leader or unparseable number: '784-2'
1992-Donruss.zip,1992_Donruss/784-2_Checklist-717-784-and-BC1-BC8-CLVAR-717-784-and-Bonus-Cards-_front.jpg,front,combo/leader or unparseable number: '784-2'
1992-Upper-Deck.zip,1992_Upper-Deck/401_Omar-Vizquel_back.jpg,back,number '401' not in catalog set 'upper-deck'
1992-Upper-Deck.zip,1992_Upper-Deck/401_Omar-Vizquel_front.jpg,front,number '401' not in catalog set 'upper-deck'
1993-Topps.zip,1993_Topps/096_Russ_Swan_back.jpg,back,number '96' not in catalog set 'topps'
1993-Topps.zip,1993_Topps/096_Russ_Swan_front.jpg,front,number '96' not in catalog set 'topps'
1993-Topps.zip,1993_Topps/650_Terry_Pendleton_back.jpg,back,number '650' not in catalog set 'topps'
1993-Topps.zip,1993_Topps/650_Terry_Pendleton_front.jpg,front,number '650' not in catalog set 'topps'
1997-Topps.zip,"1997_Topps/101_Al_Leiter_SH,_ERR_ERR_Last_word_in_write_up_is_Charles_(missing_Johnson.)_back.jpg",back,number '101' not in catalog set 'topps'
1997-Topps.zip,"1997_Topps/101_Al_Leiter_SH,_ERR_ERR_Last_word_in_write_up_is_Charles_(missing_Johnson.)_front.jpg",front,number '101' not in catalog set 'topps'
1997-Topps.zip,"1997_Topps/101c_Al_Leiter_SH,_CORCOR_Last_word_in_write_up_is_Johnson._back.jpg",back,number '101c' not in catalog set 'topps'
1997-Topps.zip,"1997_Topps/101c_Al_Leiter_SH,_CORCOR_Last_word_in_write_up_is_Johnson._front.jpg",front,number '101c' not in catalog set 'topps'
1997-Topps.zip,"1997_Topps/102_John_Mabry_SH,_ERRERR_Last_sentence_is_incomplete_(Mabry)_back.jpg",back,number '102' not in catalog set 'topps'
1997-Topps.zip,"1997_Topps/102_John_Mabry_SH,_ERRERR_Last_sentence_is_incomplete_(Mabry)_front.jpg",front,number '102' not in catalog set 'topps'
1997-Topps.zip,"1997_Topps/102c_John_Mabry_SH,_CORCOR_Last_sentence_is_complete_(Mabry_was_intentionally_walked.)_back.jpg",back,number '102c' not in catalog set 'topps'
1997-Topps.zip,"1997_Topps/102c_John_Mabry_SH,_CORCOR_Last_sentence_is_complete_(Mabry_was_intentionally_walked.)_front.jpg",front,number '102c' not in catalog set 'topps'
1997-Upper-Deck.zip,1997_Upper-Deck/214_Ozzie_Smith_Andre_Dawson_Kirby_Puckett_SH_back.jpg,back,number '214' not in catalog set 'upper-deck'
1997-Upper-Deck.zip,1997_Upper-Deck/214_Ozzie_Smith_Andre_Dawson_Kirby_Puckett_SH_front.jpg,front,number '214' not in catalog set 'upper-deck'
1997-Upper-Deck.zip,1997_Upper-Deck/215_Barry_Bonds_Gary_Sheffield_Brady_Anderson_SH_back.jpg,back,number '215' not in catalog set 'upper-deck'
1997-Upper-Deck.zip,1997_Upper-Deck/215_Barry_Bonds_Gary_Sheffield_Brady_Anderson_SH_front.jpg,front,number '215' not in catalog set 'upper-deck'
2021-Donruss.zip,2021_Donruss/154c_Starling_Marte_(VAR)_back.jpg,back,number '154c' not in catalog set 'donruss'
2021-Donruss.zip,2021_Donruss/154c_Starling_Marte_(VAR)_front.jpg,front,number '154c' not in catalog set 'donruss'
2021-Donruss.zip,2021_Donruss/200c_Christian_Yelich_(VAR)_back.jpg,back,number '200c' not in catalog set 'donruss'
2021-Donruss.zip,2021_Donruss/200c_Christian_Yelich_(VAR)_front.jpg,front,number '200c' not in catalog set 'donruss'
2021-Donruss.zip,2021_Donruss/206c_Max_Scherzer_(VAR)_back.jpg,back,number '206c' not in catalog set 'donruss'
2021-Donruss.zip,2021_Donruss/206c_Max_Scherzer_(VAR)_front.jpg,front,number '206c' not in catalog set 'donruss'
2021-Donruss.zip,"2021_Donruss/228c_Babe_Ruth_R87,_(VAR)_back.jpg",back,number '228c' not in catalog set 'donruss'
2021-Donruss.zip,"2021_Donruss/228c_Babe_Ruth_R87,_(VAR)_front.jpg",front,number '228c' not in catalog set 'donruss'
2021-Donruss.zip,"2021_Donruss/235c_Ken_Griffey_Jr._R87,_(VAR)_back.jpg",back,number '235c' not in catalog set 'donruss'
2021-Donruss.zip,"2021_Donruss/235c_Ken_Griffey_Jr._R87,_(VAR)_front.jpg",front,number '235c' not in catalog set 'donruss'
2021-Topps.zip,2021_Topps/004d_Ernie_Banks_(VAR)_back.jpg,back,number '4d' not in catalog set 'topps'
2021-Topps.zip,2021_Topps/004d_Ernie_Banks_(VAR)_front.jpg,front,number '4d' not in catalog set 'topps'
2021-Topps.zip,"2021_Topps/014c_Do_It_for_the_Fans!_(Eloy_Jimenez_Luis_Robert)_CL,_CPC,_(VAR)_back.jpg",back,number '14c' not in catalog set 'topps'
2021-Topps.zip,"2021_Topps/014c_Do_It_for_the_Fans!_(Eloy_Jimenez_Luis_Robert)_CL,_CPC,_(VAR)_front.jpg",front,number '14c' not in catalog set 'topps'
2021-Topps.zip,2021_Topps/019c_Jakob_Junis_(VAR)_back.jpg,back,number '19c' not in catalog set 'topps'
2021-Topps.zip,2021_Topps/019c_Jakob_Junis_(VAR)_front.jpg,front,number '19c' not in catalog set 'topps'
2021-Topps.zip,2021_Topps/027e_Mike_Trout_(VAR)_back.jpg,back,number '27e' not in catalog set 'topps'
2021-Topps.zip,2021_Topps/027e_Mike_Trout_(VAR)_front.jpg,front,number '27e' not in catalog set 'topps'
2021-Topps.zip,"2021_Topps/032c_Edward_Olivares_RC,_(VAR)_back.jpg",back,number '32c' not in catalog set 'topps'
2021-Topps.zip,"2021_Topps/032c_Edward_Olivares_RC,_(VAR)_front.jpg",front,number '32c' not in catalog set 'topps'
2021-Topps.zip,2021_Topps/034c_Roberto_Perez_(VAR)_back.jpg,back,number '34c' not in catalog set 'topps'
2021-Topps.zip,2021_Topps/034c_Roberto_Perez_(VAR)_front.jpg,front,number '34c' not in catalog set 'topps'
2021-Topps.zip,2021_Topps/043e_Jo_Adell_(VAR)_back.jpg,back,number '43e' not in catalog set 'topps'
2021-Topps.zip,2021_Topps/043e_Jo_Adell_(VAR)_front.jpg,front,number '43e' not in catalog set 'topps'
2021-Topps.zip,"2021_Topps/046c_Jesus_Luzardo_FS,_(VAR)_back.jpg",back,number '46c' not in catalog set 'topps'
2021-Topps.zip,"2021_Topps/046c_Jesus_Luzardo_FS,_(VAR)_front.jpg",front,number '46c' not in catalog set 'topps'
2021-Topps.zip,2021_Topps/053d_Andres_Gimenez_(VAR)_back.jpg,back,number '53d' not in catalog set 'topps'
2021-Topps.zip,2021_Topps/053d_Andres_Gimenez_(VAR)_front.jpg,front,number '53d' not in catalog set 'topps'
2021-Topps.zip,2021_Topps/068c_Charlie_Blackmon_(VAR)_back.jpg,back,number '68c' not in catalog set 'topps'
2021-Topps.zip,2021_Topps/068c_Charlie_Blackmon_(VAR)_front.jpg,front,number '68c' not in catalog set 'topps'
2021-Topps.zip,"2021_Topps/083c_Gavin_Lux_FS,_(VAR)_back.jpg",back,number '83c' not in catalog set 'topps'
2021-Topps.zip,"2021_Topps/083c_Gavin_Lux_FS,_(VAR)_front.jpg",front,number '83c' not in catalog set 'topps'
2021-Topps.zip,"2021_Topps/090c_Shane_Bieber_LL,_(VAR)_back.jpg",back,number '90c' not in catalog set 'topps'
2021-Topps.zip,"2021_Topps/090c_Shane_Bieber_LL,_(VAR)_front.jpg",front,number '90c' not in catalog set 'topps'
2021-Topps.zip,2021_Topps/092e_Tarik_Skubal_(VAR)_back.jpg,back,number '92e' not in catalog set 'topps'
2021-Topps.zip,2021_Topps/092e_Tarik_Skubal_(VAR)_front.jpg,front,number '92e' not in catalog set 'topps'
2021-Topps.zip,2021_Topps/097c_Niko_Goodrum_(VAR)_back.jpg,back,number '97c' not in catalog set 'topps'
2021-Topps.zip,2021_Topps/097c_Niko_Goodrum_(VAR)_front.jpg,front,number '97c' not in catalog set 'topps'
2021-Topps.zip,"2021_Topps/105c_Shane_Bieber_LL,_(VAR)_back.jpg",back,number '105c' not in catalog set 'topps'
2021-Topps.zip,"2021_Topps/105c_Shane_Bieber_LL,_(VAR)_front.jpg",front,number '105c' not in catalog set 'topps'
2021-Topps.zip,"2021_Topps/108c_DJ_LeMahieu_LL,_(VAR)_back.jpg",back,number '108c' not in catalog set 'topps'
2021-Topps.zip,"2021_Topps/108c_DJ_LeMahieu_LL,_(VAR)_front.jpg",front,number '108c' not in catalog set 'topps'
2021-Topps.zip,"2021_Topps/116c_Nico_Hoerner_FS,_(VAR)_back.jpg",back,number '116c' not in catalog set 'topps'
2021-Topps.zip,"2021_Topps/116c_Nico_Hoerner_FS,_(VAR)_front.jpg",front,number '116c' not in catalog set 'topps'
2021-Topps.zip,2021_Topps/120d_Hank_Aaron_(VAR)_back.jpg,back,number '120d' not in catalog set 'topps'
2021-Topps.zip,2021_Topps/120d_Hank_Aaron_(VAR)_front.jpg,front,number '120d' not in catalog set 'topps'
2021-Topps.zip,2021_Topps/121c_Matthew_Boyd_(VAR)_back.jpg,back,number '121c' not in catalog set 'topps'
2021-Topps.zip,2021_Topps/121c_Matthew_Boyd_(VAR)_front.jpg,front,number '121c' not in catalog set 'topps'
2021-Topps.zip,"2021_Topps/122c_Nick_Heath_RC,_(VAR)_back.jpg",back,number '122c' not in catalog set 'topps'
2021-Topps.zip,"2021_Topps/122c_Nick_Heath_RC,_(VAR)_front.jpg",front,number '122c' not in catalog set 'topps'
2021-Topps.zip,"2021_Topps/123c_Beau_Burrows_RC,_(VAR)_back.jpg",back,number '123c' not in catalog set 'topps'
2021-Topps.zip,"2021_Topps/123c_Beau_Burrows_RC,_(VAR)_front.jpg",front,number '123c' not in catalog set 'topps'
2021-Topps.zip,"2021_Topps/126c_Monte_Harrison_RC,_(VAR)_back.jpg",back,number '126c' not in catalog set 'topps'
2021-Topps.zip,"2021_Topps/126c_Monte_Harrison_RC,_(VAR)_front.jpg",front,number '126c' not in catalog set 'topps'
2021-Topps.zip,2021_Topps/129c_Daniel_Murphy_(VAR)_back.jpg,back,number '129c' not in catalog set 'topps'
2021-Topps.zip,2021_Topps/129c_Daniel_Murphy_(VAR)_front.jpg,front,number '129c' not in catalog set 'topps'
2021-Topps.zip,"2021_Topps/137c_Trevor_Bauer_LL,_(VAR)_back.jpg",back,number '137c' not in catalog set 'topps'
2021-Topps.zip,"2021_Topps/137c_Trevor_Bauer_LL,_(VAR)_front.jpg",front,number '137c' not in catalog set 'topps'
2021-Topps.zip,2021_Topps/138c_Tim_Anderson_(VAR)_back.jpg,back,number '138c' not in catalog set 'topps'
2021-Topps.zip,2021_Topps/138c_Tim_Anderson_(VAR)_front.jpg,front,number '138c' not in catalog set 'topps'
2021-Topps.zip,2021_Topps/143e_Ryan_Mountcastle_(VAR)_back.jpg,back,number '143e' not in catalog set 'topps'
2021-Topps.zip,2021_Topps/143e_Ryan_Mountcastle_(VAR)_front.jpg,front,number '143e' not in catalog set 'topps'
2021-Topps.zip,2021_Topps/153d_Tyler_Stephenson_(VAR)_back.jpg,back,number '153d' not in catalog set 'topps'
2021-Topps.zip,2021_Topps/153d_Tyler_Stephenson_(VAR)_front.jpg,front,number '153d' not in catalog set 'topps'
2021-Topps.zip,2021_Topps/158c_Buck_Farmer_(VAR)_back.jpg,back,number '158c' not in catalog set 'topps'
2021-Topps.zip,2021_Topps/158c_Buck_Farmer_(VAR)_front.jpg,front,number '158c' not in catalog set 'topps'
2021-Topps.zip,2021_Topps/165c_Willson_Contreras_(VAR)_back.jpg,back,number '165c' not in catalog set 'topps'
2021-Topps.zip,2021_Topps/165c_Willson_Contreras_(VAR)_front.jpg,front,number '165c' not in catalog set 'topps'
2021-Topps.zip,"2021_Topps/167c_James_Kaprielian_RC,_(VAR)_back.jpg",back,number '167c' not in catalog set 'topps'
2021-Topps.zip,"2021_Topps/167c_James_Kaprielian_RC,_(VAR)_front.jpg",front,number '167c' not in catalog set 'topps'
2021-Topps.zip,2021_Topps/175c_Brad_Hand_(VAR)_back.jpg,back,number '175c' not in catalog set 'topps'
2021-Topps.zip,2021_Topps/175c_Brad_Hand_(VAR)_front.jpg,front,number '175c' not in catalog set 'topps'
2021-Topps.zip,2021_Topps/176c_Jake_Bauers_(VAR)_back.jpg,back,number '176c' not in catalog set 'topps'
2021-Topps.zip,2021_Topps/176c_Jake_Bauers_(VAR)_front.jpg,front,number '176c' not in catalog set 'topps'
2021-Topps.zip,"2021_Topps/177c_Ryan_Castellani_RC,_(VAR)_back.jpg",back,number '177c' not in catalog set 'topps'
2021-Topps.zip,"2021_Topps/177c_Ryan_Castellani_RC,_(VAR)_front.jpg",front,number '177c' not in catalog set 'topps'
2021-Topps.zip,"2021_Topps/183c_Cristian_Javier_RC,_(VAR)_back.jpg",back,number '183c' not in catalog set 'topps'
2021-Topps.zip,"2021_Topps/183c_Cristian_Javier_RC,_(VAR)_front.jpg",front,number '183c' not in catalog set 'topps'
2021-Topps.zip,2021_Topps/187e_Cristian_Pache_(VAR)_back.jpg,back,number '187e' not in catalog set 'topps'
2021-Topps.zip,2021_Topps/187e_Cristian_Pache_(VAR)_front.jpg,front,number '187e' not in catalog set 'topps'
2021-Topps.zip,2021_Topps/189c_Adam_Plutko_(VAR)_back.jpg,back,number '189c' not in catalog set 'topps'
2021-Topps.zip,2021_Topps/189c_Adam_Plutko_(VAR)_front.jpg,front,number '189c' not in catalog set 'topps'
2021-Topps.zip,2021_Topps/190c_Sonny_Gray_(VAR)_back.jpg,back,number '190c' not in catalog set 'topps'
2021-Topps.zip,2021_Topps/190c_Sonny_Gray_(VAR)_front.jpg,front,number '190c' not in catalog set 'topps'
2021-Topps.zip,2021_Topps/197e_Nick_Madrigal_(VAR)_back.jpg,back,number '197e' not in catalog set 'topps'
2021-Topps.zip,2021_Topps/197e_Nick_Madrigal_(VAR)_front.jpg,front,number '197e' not in catalog set 'topps'
2021-Topps.zip,2021_Topps/212c_Robbie_Ray_(VAR)_back.jpg,back,number '212c' not in catalog set 'topps'
2021-Topps.zip,2021_Topps/212c_Robbie_Ray_(VAR)_front.jpg,front,number '212c' not in catalog set 'topps'
2021-Topps.zip,2021_Topps/213c_JaCoby_Jones_(VAR)_back.jpg,back,number '213c' not in catalog set 'topps'
2021-Topps.zip,2021_Topps/213c_JaCoby_Jones_(VAR)_front.jpg,front,number '213c' not in catalog set 'topps'
2021-Topps.zip,2021_Topps/241d_Anthony_Rizzo_(VAR)_back.jpg,back,number '241d' not in catalog set 'topps'
2021-Topps.zip,2021_Topps/241d_Anthony_Rizzo_(VAR)_front.jpg,front,number '241d' not in catalog set 'topps'
2021-Topps.zip,"2021_Topps/243c_Santiago_Espinal_RC,_(VAR)_back.jpg",back,number '243c' not in catalog set 'topps'
2021-Topps.zip,"2021_Topps/243c_Santiago_Espinal_RC,_(VAR)_front.jpg",front,number '243c' not in catalog set 'topps'
2021-Topps.zip,2021_Topps/244d_Spencer_Howard_(VAR)_back.jpg,back,number '244d' not in catalog set 'topps'
2021-Topps.zip,2021_Topps/244d_Spencer_Howard_(VAR)_front.jpg,front,number '244d' not in catalog set 'topps'
2021-Topps.zip,"2021_Topps/245c_Aristides_Aquino_FS,_(VAR)_back.jpg",back,number '245c' not in catalog set 'topps'
2021-Topps.zip,"2021_Topps/245c_Aristides_Aquino_FS,_(VAR)_front.jpg",front,number '245c' not in catalog set 'topps'
2021-Topps.zip,"2021_Topps/252c_Luke_Voit_LL,_(VAR)_back.jpg",back,number '252c' not in catalog set 'topps'
2021-Topps.zip,"2021_Topps/252c_Luke_Voit_LL,_(VAR)_front.jpg",front,number '252c' not in catalog set 'topps'
2021-Topps.zip,2021_Topps/256d_Keibert_Ruiz_(VAR)_back.jpg,back,number '256d' not in catalog set 'topps'
2021-Topps.zip,2021_Topps/256d_Keibert_Ruiz_(VAR)_front.jpg,front,number '256d' not in catalog set 'topps'
2021-Topps.zip,2021_Topps/271c_Luis_Castillo_(VAR)_back.jpg,back,number '271c' not in catalog set 'topps'
2021-Topps.zip,2021_Topps/271c_Luis_Castillo_(VAR)_front.jpg,front,number '271c' not in catalog set 'topps'
2021-Topps.zip,2021_Topps/272c_John_Means_(VAR)_back.jpg,back,number '272c' not in catalog set 'topps'
2021-Topps.zip,2021_Topps/272c_John_Means_(VAR)_front.jpg,front,number '272c' not in catalog set 'topps'
2021-Topps.zip,2021_Topps/274c_Freddy_Galvis_(VAR)_back.jpg,back,number '274c' not in catalog set 'topps'
2021-Topps.zip,2021_Topps/274c_Freddy_Galvis_(VAR)_front.jpg,front,number '274c' not in catalog set 'topps'
2021-Topps.zip,2021_Topps/275d_Joey_Votto_(VAR)_back.jpg,back,number '275d' not in catalog set 'topps'
2021-Topps.zip,2021_Topps/275d_Joey_Votto_(VAR)_front.jpg,front,number '275d' not in catalog set 'topps'
2021-Topps.zip,2021_Topps/278c_Jon_Lester_(VAR)_back.jpg,back,number '278c' not in catalog set 'topps'
2021-Topps.zip,2021_Topps/278c_Jon_Lester_(VAR)_front.jpg,front,number '278c' not in catalog set 'topps'
2021-Topps.zip,2021_Topps/284c_Eloy_Jimenez_(VAR)_back.jpg,back,number '284c' not in catalog set 'topps'
2021-Topps.zip,2021_Topps/284c_Eloy_Jimenez_(VAR)_front.jpg,front,number '284c' not in catalog set 'topps'
2021-Topps.zip,2021_Topps/285e_Dylan_Carlson_(VAR)_back.jpg,back,number '285e' not in catalog set 'topps'
2021-Topps.zip,2021_Topps/285e_Dylan_Carlson_(VAR)_front.jpg,front,number '285e' not in catalog set 'topps'
2021-Topps.zip,2021_Topps/291d_Miguel_Cabrera_(VAR)_back.jpg,back,number '291d' not in catalog set 'topps'
2021-Topps.zip,2021_Topps/291d_Miguel_Cabrera_(VAR)_front.jpg,front,number '291d' not in catalog set 'topps'
2021-Topps.zip,2021_Topps/297e_Alex_Bregman_(VAR)_back.jpg,back,number '297e' not in catalog set 'topps'
2021-Topps.zip,2021_Topps/297e_Alex_Bregman_(VAR)_front.jpg,front,number '297e' not in catalog set 'topps'
2021-Topps.zip,2021_Topps/300c_Yordan_Alvarez_(VAR)_back.jpg,back,number '300c' not in catalog set 'topps'
2021-Topps.zip,2021_Topps/300c_Yordan_Alvarez_(VAR)_front.jpg,front,number '300c' not in catalog set 'topps'
2021-Topps.zip,2021_Topps/304c_Danny_Duffy_(VAR)_back.jpg,back,number '304c' not in catalog set 'topps'
2021-Topps.zip,2021_Topps/304c_Danny_Duffy_(VAR)_front.jpg,front,number '304c' not in catalog set 'topps'
2021-Topps.zip,2021_Topps/320c_Anthony_Santander_(VAR)_back.jpg,back,number '320c' not in catalog set 'topps'
2021-Topps.zip,2021_Topps/320c_Anthony_Santander_(VAR)_front.jpg,front,number '320c' not in catalog set 'topps'
2021-Topps.zip,2021_Topps/321e_Casey_Mize_(VAR)_back.jpg,back,number '321e' not in catalog set 'topps'
2021-Topps.zip,2021_Topps/321e_Casey_Mize_(VAR)_front.jpg,front,number '321e' not in catalog set 'topps'
2021-Topps.zip,"2021_Topps/326c_Eddy_Alvarez_RC,_(VAR)_back.jpg",back,number '326c' not in catalog set 'topps'
2021-Topps.zip,"2021_Topps/326c_Eddy_Alvarez_RC,_(VAR)_front.jpg",front,number '326c' not in catalog set 'topps'
